INSERT INTO Plans (plan_id, plan_name, monthly_price, max_screens) VALUES 
(1, 'Basic', 9.99, 1),
(2, 'Standard', 15.49, 2),
(3, 'Premium', 19.99, 4);


insert into Users (user_id, name, email, signup_date, referral_source) values (1, 'Claudianus Bickersteth', 'cbickersteth0@google.com', '2025-10-29', 'Google');
insert into Users (user_id, name, email, signup_date, referral_source) values (2, 'Audre Farryan', 'afarryan1@purevolume.com', '2026-06-05', 'Google');
insert into Users (user_id, name, email, signup_date, referral_source) values (3, 'Demetria Jeroch', 'djeroch2@hatena.ne.jp', '2025-09-16', 'Google');
insert into Users (user_id, name, email, signup_date, referral_source) values (4, 'Bax Saltman', 'bsaltman3@qq.com', '2025-12-19', 'Social media');
insert into Users (user_id, name, email, signup_date, referral_source) values (5, 'Gisela Spurret', 'gspurret4@behance.net', '2026-06-13', 'Referral');
insert into Users (user_id, name, email, signup_date, referral_source) values (6, 'Elisabet Ambrosch', 'eambrosch5@amazon.co.jp', '2025-11-29', 'Social media');
insert into Users (user_id, name, email, signup_date, referral_source) values (7, 'Ricki Scrancher', 'rscrancher6@mlb.com', '2025-11-02', 'Social media');
insert into Users (user_id, name, email, signup_date, referral_source) values (8, 'Beatrix Cosgrove', 'bcosgrove7@cnet.com', '2025-10-07', 'Referral');
insert into Users (user_id, name, email, signup_date, referral_source) values (9, 'Leanora Douris', 'ldouris8@bizjournals.com', '2025-07-07', 'Google');
insert into Users (user_id, name, email, signup_date, referral_source) values (10, 'Elsey Wines', 'ewines9@ucoz.ru', '2025-11-19', 'Social media');
insert into Users (user_id, name, email, signup_date, referral_source) values (11, 'Frederique Eustes', 'feustesa@51.la', '2026-03-08', 'Organic');
insert into Users (user_id, name, email, signup_date, referral_source) values (12, 'Gianina Strognell', 'gstrognellb@nymag.com', '2026-04-18', 'Organic');
insert into Users (user_id, name, email, signup_date, referral_source) values (13, 'Alberik Orpyne', 'aorpynec@elpais.com', '2025-07-09', 'Social media');
insert into Users (user_id, name, email, signup_date, referral_source) values (14, 'Noel Mallinder', 'nmallinderd@qq.com', '2026-03-12', 'Organic');
insert into Users (user_id, name, email, signup_date, referral_source) values (15, 'Phylis Cathcart', 'pcathcarte@skype.com', '2026-06-22', 'Referral');
insert into Users (user_id, name, email, signup_date, referral_source) values (16, 'Berthe McArt', 'bmcartf@china.com.cn', '2025-09-09', 'Referral');
insert into Users (user_id, name, email, signup_date, referral_source) values (17, 'Yves Bimrose', 'ybimroseg@abc.net.au', '2025-09-08', 'Google');
insert into Users (user_id, name, email, signup_date, referral_source) values (18, 'Junie Devitt', 'jdevitth@mayoclinic.com', '2026-05-25', 'Organic');
insert into Users (user_id, name, email, signup_date, referral_source) values (19, 'Aviva Foli', 'afolii@va.gov', '2025-07-14', 'Google');
insert into Users (user_id, name, email, signup_date, referral_source) values (20, 'Hewitt De Cruze', 'hdej@europa.eu', '2025-12-19', 'Organic');
insert into Users (user_id, name, email, signup_date, referral_source) values (21, 'Karon Peasee', 'kpeaseek@zdnet.com', '2026-03-23', 'Referral');
insert into Users (user_id, name, email, signup_date, referral_source) values (22, 'Jere Coppledike', 'jcoppledikel@nih.gov', '2025-12-15', 'Social media');
insert into Users (user_id, name, email, signup_date, referral_source) values (23, 'Rochella Tomashov', 'rtomashovm@ihg.com', '2026-03-20', 'Social media');
insert into Users (user_id, name, email, signup_date, referral_source) values (24, 'Gaultiero Mocker', 'gmockern@51.la', '2025-07-28', 'Referral');
insert into Users (user_id, name, email, signup_date, referral_source) values (25, 'Barbara-anne Hatchman', 'bhatchmano@indiatimes.com', '2025-09-11', 'Social media');
insert into Users (user_id, name, email, signup_date, referral_source) values (26, 'Vasily Facer', 'vfacerp@army.mil', '2025-07-21', 'Organic');
insert into Users (user_id, name, email, signup_date, referral_source) values (27, 'Lesya Bendley', 'lbendleyq@ameblo.jp', '2025-09-05', 'Google');
insert into Users (user_id, name, email, signup_date, referral_source) values (28, 'Gabby Kunath', 'gkunathr@ovh.net', '2025-09-18', 'Organic');
insert into Users (user_id, name, email, signup_date, referral_source) values (29, 'Phylis McCumskay', 'pmccumskays@harvard.edu', '2026-03-31', 'Social media');
insert into Users (user_id, name, email, signup_date, referral_source) values (30, 'Rosita Pardue', 'rparduet@aol.com', '2025-10-30', 'Organic');
insert into Users (user_id, name, email, signup_date, referral_source) values (31, 'Marleen Yonge', 'myongeu@shinystat.com', '2025-11-29', 'Social media');
insert into Users (user_id, name, email, signup_date, referral_source) values (32, 'Deirdre Cottill', 'dcottillv@rambler.ru', '2026-06-08', 'Social media');
insert into Users (user_id, name, email, signup_date, referral_source) values (33, 'Dahlia Glassborow', 'dglassboroww@icio.us', '2026-06-17', 'Social media');
insert into Users (user_id, name, email, signup_date, referral_source) values (34, 'Vinson O''Fihillie', 'vofihilliex@behance.net', '2026-02-14', 'Social media');
insert into Users (user_id, name, email, signup_date, referral_source) values (35, 'Lorilee Piers', 'lpiersy@yahoo.co.jp', '2025-07-18', 'Organic');
insert into Users (user_id, name, email, signup_date, referral_source) values (36, 'Wileen Bolden', 'wboldenz@diigo.com', '2026-01-26', 'Referral');
insert into Users (user_id, name, email, signup_date, referral_source) values (37, 'Alric Gunston', 'agunston10@infoseek.co.jp', '2025-08-04', 'Organic');
insert into Users (user_id, name, email, signup_date, referral_source) values (38, 'Bourke Whymark', 'bwhymark11@discuz.net', '2025-08-29', 'Organic');
insert into Users (user_id, name, email, signup_date, referral_source) values (39, 'Paxon Szreter', 'pszreter12@i2i.jp', '2026-02-01', 'Social media');
insert into Users (user_id, name, email, signup_date, referral_source) values (40, 'Krispin Bloss', 'kbloss13@dyndns.org', '2025-12-03', 'Organic');
insert into Users (user_id, name, email, signup_date, referral_source) values (41, 'Yelena Grigorushkin', 'ygrigorushkin14@devhub.com', '2025-12-08', 'Google');
insert into Users (user_id, name, email, signup_date, referral_source) values (42, 'Gabi Bellas', 'gbellas15@de.vu', '2025-07-06', 'Google');
insert into Users (user_id, name, email, signup_date, referral_source) values (43, 'Justinian Choke', 'jchoke16@army.mil', '2025-07-25', 'Social media');
insert into Users (user_id, name, email, signup_date, referral_source) values (44, 'Danie Giberd', 'dgiberd17@weebly.com', '2026-01-09', 'Social media');
insert into Users (user_id, name, email, signup_date, referral_source) values (45, 'Brion Lorenc', 'blorenc18@123-reg.co.uk', '2026-03-01', 'Organic');
insert into Users (user_id, name, email, signup_date, referral_source) values (46, 'Nonie Dennert', 'ndennert19@t-online.de', '2026-01-27', 'Organic');
insert into Users (user_id, name, email, signup_date, referral_source) values (47, 'La verne Collihole', 'lverne1a@gmpg.org', '2026-01-14', 'Referral');
insert into Users (user_id, name, email, signup_date, referral_source) values (48, 'Jeromy Agronski', 'jagronski1b@businessweek.com', '2026-03-18', 'Referral');
insert into Users (user_id, name, email, signup_date, referral_source) values (49, 'Edvard Janikowski', 'ejanikowski1c@dion.ne.jp', '2025-09-27', 'Referral');
insert into Users (user_id, name, email, signup_date, referral_source) values (50, 'Cherin Piscotti', 'cpiscotti1d@blogs.com', '2026-03-23', 'Google');
insert into Users (user_id, name, email, signup_date, referral_source) values (51, 'Ally Minget', 'aminget1e@buzzfeed.com', '2026-05-11', 'Social media');
insert into Users (user_id, name, email, signup_date, referral_source) values (52, 'Owen Perrinchief', 'operrinchief1f@slideshare.net', '2026-05-03', 'Google');
insert into Users (user_id, name, email, signup_date, referral_source) values (53, 'Montague Chinnock', 'mchinnock1g@php.net', '2026-05-10', 'Google');
insert into Users (user_id, name, email, signup_date, referral_source) values (54, 'Finlay Worcester', 'fworcester1h@jiathis.com', '2025-09-24', 'Social media');
insert into Users (user_id, name, email, signup_date, referral_source) values (55, 'Mellisent Farden', 'mfarden1i@webeden.co.uk', '2025-10-20', 'Organic');
insert into Users (user_id, name, email, signup_date, referral_source) values (56, 'Ryon Beedon', 'rbeedon1j@studiopress.com', '2026-03-30', 'Organic');
insert into Users (user_id, name, email, signup_date, referral_source) values (57, 'Beatrice Gutridge', 'bgutridge1k@squidoo.com', '2025-09-16', 'Organic');
insert into Users (user_id, name, email, signup_date, referral_source) values (58, 'Caralie Carrier', 'ccarrier1l@bbb.org', '2026-02-10', 'Google');
insert into Users (user_id, name, email, signup_date, referral_source) values (59, 'Alexia Padkin', 'apadkin1m@indiegogo.com', '2025-08-15', 'Google');
insert into Users (user_id, name, email, signup_date, referral_source) values (60, 'Cari Stable', 'cstable1n@ifeng.com', '2025-11-16', 'Social media');
insert into Users (user_id, name, email, signup_date, referral_source) values (61, 'Ingram Jonson', 'ijonson1o@ovh.net', '2026-03-17', 'Social media');
insert into Users (user_id, name, email, signup_date, referral_source) values (62, 'Osbourn Durward', 'odurward1p@issuu.com', '2025-09-30', 'Referral');
insert into Users (user_id, name, email, signup_date, referral_source) values (63, 'Marven Kubiczek', 'mkubiczek1q@omniture.com', '2026-05-10', 'Referral');
insert into Users (user_id, name, email, signup_date, referral_source) values (64, 'Courtnay Fissenden', 'cfissenden1r@dailymail.co.uk', '2025-09-02', 'Social media');
insert into Users (user_id, name, email, signup_date, referral_source) values (65, 'Dana Stapells', 'dstapells1s@tuttocitta.it', '2026-01-09', 'Organic');
insert into Users (user_id, name, email, signup_date, referral_source) values (66, 'Nariko Pavlovsky', 'npavlovsky1t@qq.com', '2026-05-26', 'Referral');
insert into Users (user_id, name, email, signup_date, referral_source) values (67, 'Charlton Mayman', 'cmayman1u@twitter.com', '2026-05-22', 'Referral');
insert into Users (user_id, name, email, signup_date, referral_source) values (68, 'Letizia Dowbiggin', 'ldowbiggin1v@imgur.com', '2025-07-11', 'Google');
insert into Users (user_id, name, email, signup_date, referral_source) values (69, 'Jasun Dunbar', 'jdunbar1w@engadget.com', '2026-03-20', 'Google');
insert into Users (user_id, name, email, signup_date, referral_source) values (70, 'Herby Grioli', 'hgrioli1x@multiply.com', '2025-12-04', 'Social media');
insert into Users (user_id, name, email, signup_date, referral_source) values (71, 'Meyer Rosingdall', 'mrosingdall1y@deliciousdays.com', '2026-03-09', 'Social media');
insert into Users (user_id, name, email, signup_date, referral_source) values (72, 'Mallory Ashborne', 'mashborne1z@phpbb.com', '2026-04-11', 'Google');
insert into Users (user_id, name, email, signup_date, referral_source) values (73, 'Salomo Orth', 'sorth20@hp.com', '2025-11-29', 'Google');
insert into Users (user_id, name, email, signup_date, referral_source) values (74, 'Tripp Boyse', 'tboyse21@alibaba.com', '2025-07-01', 'Google');
insert into Users (user_id, name, email, signup_date, referral_source) values (75, 'Collette Ahrendsen', 'cahrendsen22@symantec.com', '2025-08-05', 'Google');
insert into Users (user_id, name, email, signup_date, referral_source) values (76, 'Ali Hathwood', 'ahathwood23@marketwatch.com', '2025-09-28', 'Referral');
insert into Users (user_id, name, email, signup_date, referral_source) values (77, 'Adolpho Rude', 'arude24@cam.ac.uk', '2025-12-27', 'Referral');
insert into Users (user_id, name, email, signup_date, referral_source) values (78, 'Hadleigh Warren', 'hwarren25@toplist.cz', '2026-03-16', 'Organic');
insert into Users (user_id, name, email, signup_date, referral_source) values (79, 'Tallulah Haugeh', 'thaugeh26@deliciousdays.com', '2026-03-25', 'Social media');
insert into Users (user_id, name, email, signup_date, referral_source) values (80, 'Thom Monini', 'tmonini27@europa.eu', '2026-06-05', 'Social media');
insert into Users (user_id, name, email, signup_date, referral_source) values (81, 'Silva Alpin', 'salpin28@privacy.gov.au', '2026-01-07', 'Referral');
insert into Users (user_id, name, email, signup_date, referral_source) values (82, 'Martie Le Friec', 'mle29@mozilla.com', '2026-02-20', 'Organic');
insert into Users (user_id, name, email, signup_date, referral_source) values (83, 'Harv Rickersy', 'hrickersy2a@xing.com', '2025-09-19', 'Referral');
insert into Users (user_id, name, email, signup_date, referral_source) values (84, 'Kean Kingswood', 'kkingswood2b@epa.gov', '2026-02-03', 'Organic');
insert into Users (user_id, name, email, signup_date, referral_source) values (85, 'Tish By', 'tby2c@twitpic.com', '2025-07-30', 'Google');
insert into Users (user_id, name, email, signup_date, referral_source) values (86, 'Lorrin Bastick', 'lbastick2d@goodreads.com', '2025-07-21', 'Google');
insert into Users (user_id, name, email, signup_date, referral_source) values (87, 'Cornie Ayscough', 'cayscough2e@yale.edu', '2025-09-26', 'Organic');
insert into Users (user_id, name, email, signup_date, referral_source) values (88, 'Jillayne Checkley', 'jcheckley2f@bandcamp.com', '2026-01-15', 'Google');
insert into Users (user_id, name, email, signup_date, referral_source) values (89, 'Viviyan Cochran', 'vcochran2g@instagram.com', '2025-08-09', 'Referral');
insert into Users (user_id, name, email, signup_date, referral_source) values (90, 'Lian Itzhaki', 'litzhaki2h@odnoklassniki.ru', '2025-07-02', 'Referral');
insert into Users (user_id, name, email, signup_date, referral_source) values (91, 'Keir Garmon', 'kgarmon2i@chronoengine.com', '2025-12-27', 'Google');
insert into Users (user_id, name, email, signup_date, referral_source) values (92, 'Bartholemy Poon', 'bpoon2j@technorati.com', '2025-12-20', 'Social media');
insert into Users (user_id, name, email, signup_date, referral_source) values (93, 'Electra Sisey', 'esisey2k@deliciousdays.com', '2026-01-11', 'Google');
insert into Users (user_id, name, email, signup_date, referral_source) values (94, 'Marthena McParland', 'mmcparland2l@sogou.com', '2025-12-07', 'Social media');
insert into Users (user_id, name, email, signup_date, referral_source) values (95, 'Howey Ellingworth', 'hellingworth2m@etsy.com', '2026-01-04', 'Google');
insert into Users (user_id, name, email, signup_date, referral_source) values (96, 'Agna Harniman', 'aharniman2n@google.co.jp', '2025-09-25', 'Organic');
insert into Users (user_id, name, email, signup_date, referral_source) values (97, 'Melessa Zimek', 'mzimek2o@netscape.com', '2026-05-21', 'Google');
insert into Users (user_id, name, email, signup_date, referral_source) values (98, 'Yoshi Bompas', 'ybompas2p@parallels.com', '2025-11-14', 'Google');
insert into Users (user_id, name, email, signup_date, referral_source) values (99, 'Bobina L'' Anglois', 'bl2q@uol.com.br', '2025-08-31', 'Referral');
insert into Users (user_id, name, email, signup_date, referral_source) values (100, 'Franklyn Dolder', 'fdolder2r@ft.com', '2025-09-13', 'Organic');


insert into Subscriptions (sub_id, user_id, plan_id, start_date, end_date, status) values (1, 40, 1, '2026-01-02', '2026-03-06', 'Expired');
insert into Subscriptions (sub_id, user_id, plan_id, start_date, end_date, status) values (2, 30, 3, '2026-04-23', '2026-01-12', 'Cancelled');
insert into Subscriptions (sub_id, user_id, plan_id, start_date, end_date, status) values (3, 73, 1, '2026-05-05', '2026-03-21', 'Active');
insert into Subscriptions (sub_id, user_id, plan_id, start_date, end_date, status) values (4, 22, 1, '2026-05-03', '2026-05-02', 'Cancelled');
insert into Subscriptions (sub_id, user_id, plan_id, start_date, end_date, status) values (5, 82, 2, '2025-12-13', '2025-09-15', 'Active');
insert into Subscriptions (sub_id, user_id, plan_id, start_date, end_date, status) values (6, 32, 2, '2026-05-29', '2025-12-30', 'Active');
insert into Subscriptions (sub_id, user_id, plan_id, start_date, end_date, status) values (7, 33, 3, '2025-10-09', '2025-08-10', 'Active');
insert into Subscriptions (sub_id, user_id, plan_id, start_date, end_date, status) values (8, 80, 2, '2026-01-25', '2025-12-16', 'Active');
insert into Subscriptions (sub_id, user_id, plan_id, start_date, end_date, status) values (9, 38, 3, '2025-07-23', '2025-08-11', 'Expired');
insert into Subscriptions (sub_id, user_id, plan_id, start_date, end_date, status) values (10, 75, 3, '2026-03-10', '2026-01-15', 'Active');
insert into Subscriptions (sub_id, user_id, plan_id, start_date, end_date, status) values (11, 65, 1, '2025-11-03', '2025-08-04', 'Cancelled');
insert into Subscriptions (sub_id, user_id, plan_id, start_date, end_date, status) values (12, 5, 3, '2026-03-27', '2025-08-29', 'Active');
insert into Subscriptions (sub_id, user_id, plan_id, start_date, end_date, status) values (13, 96, 3, '2026-06-27', '2026-02-22', 'Cancelled');
insert into Subscriptions (sub_id, user_id, plan_id, start_date, end_date, status) values (14, 27, 1, '2026-02-23', '2025-12-02', 'Active');
insert into Subscriptions (sub_id, user_id, plan_id, start_date, end_date, status) values (15, 83, 1, '2026-01-06', '2026-06-11', 'Active');
insert into Subscriptions (sub_id, user_id, plan_id, start_date, end_date, status) values (16, 95, 3, '2026-04-21', '2026-01-13', 'Active');
insert into Subscriptions (sub_id, user_id, plan_id, start_date, end_date, status) values (17, 51, 1, '2025-09-15', '2026-03-23', 'Expired');
insert into Subscriptions (sub_id, user_id, plan_id, start_date, end_date, status) values (18, 38, 3, '2025-09-01', '2026-06-03', 'Expired');
insert into Subscriptions (sub_id, user_id, plan_id, start_date, end_date, status) values (19, 64, 2, '2026-04-22', '2026-04-06', 'Expired');
insert into Subscriptions (sub_id, user_id, plan_id, start_date, end_date, status) values (20, 38, 1, '2025-09-13', '2026-06-10', 'Active');
insert into Subscriptions (sub_id, user_id, plan_id, start_date, end_date, status) values (21, 33, 1, '2025-11-16', '2026-01-11', 'Cancelled');
insert into Subscriptions (sub_id, user_id, plan_id, start_date, end_date, status) values (22, 55, 1, '2025-09-13', '2025-07-17', 'Cancelled');
insert into Subscriptions (sub_id, user_id, plan_id, start_date, end_date, status) values (23, 1, 1, '2025-11-30', '2026-01-24', 'Active');
insert into Subscriptions (sub_id, user_id, plan_id, start_date, end_date, status) values (24, 99, 1, '2026-06-28', '2025-10-30', 'Expired');
insert into Subscriptions (sub_id, user_id, plan_id, start_date, end_date, status) values (25, 41, 3, '2026-03-05', '2026-03-05', 'Cancelled');
insert into Subscriptions (sub_id, user_id, plan_id, start_date, end_date, status) values (26, 80, 3, '2026-04-02', '2025-09-22', 'Active');
insert into Subscriptions (sub_id, user_id, plan_id, start_date, end_date, status) values (27, 26, 1, '2026-05-03', '2025-08-30', 'Expired');
insert into Subscriptions (sub_id, user_id, plan_id, start_date, end_date, status) values (28, 9, 1, '2025-07-31', '2025-10-22', 'Cancelled');
insert into Subscriptions (sub_id, user_id, plan_id, start_date, end_date, status) values (29, 82, 3, '2025-07-09', '2025-10-07', 'Expired');
insert into Subscriptions (sub_id, user_id, plan_id, start_date, end_date, status) values (30, 24, 1, '2025-07-17', '2025-10-09', 'Cancelled');
insert into Subscriptions (sub_id, user_id, plan_id, start_date, end_date, status) values (31, 74, 2, '2026-01-29', '2026-04-13', 'Active');
insert into Subscriptions (sub_id, user_id, plan_id, start_date, end_date, status) values (32, 7, 3, '2025-07-09', '2025-08-24', 'Active');
insert into Subscriptions (sub_id, user_id, plan_id, start_date, end_date, status) values (33, 50, 1, '2025-12-31', '2026-02-11', 'Expired');
insert into Subscriptions (sub_id, user_id, plan_id, start_date, end_date, status) values (34, 79, 1, '2025-08-11', '2025-08-05', 'Active');
insert into Subscriptions (sub_id, user_id, plan_id, start_date, end_date, status) values (35, 16, 3, '2025-07-04', '2026-05-01', 'Expired');
insert into Subscriptions (sub_id, user_id, plan_id, start_date, end_date, status) values (36, 33, 3, '2026-06-24', '2026-01-05', 'Expired');
insert into Subscriptions (sub_id, user_id, plan_id, start_date, end_date, status) values (37, 3, 1, '2025-08-21', '2026-05-24', 'Cancelled');
insert into Subscriptions (sub_id, user_id, plan_id, start_date, end_date, status) values (38, 18, 2, '2026-05-12', '2026-06-04', 'Expired');
insert into Subscriptions (sub_id, user_id, plan_id, start_date, end_date, status) values (39, 15, 2, '2025-12-04', '2026-04-26', 'Active');
insert into Subscriptions (sub_id, user_id, plan_id, start_date, end_date, status) values (40, 79, 3, '2025-07-23', '2026-04-04', 'Expired');
insert into Subscriptions (sub_id, user_id, plan_id, start_date, end_date, status) values (41, 69, 3, '2025-09-23', '2025-10-09', 'Cancelled');
insert into Subscriptions (sub_id, user_id, plan_id, start_date, end_date, status) values (42, 43, 2, '2026-02-06', '2026-03-29', 'Active');
insert into Subscriptions (sub_id, user_id, plan_id, start_date, end_date, status) values (43, 48, 3, '2026-06-29', '2025-11-13', 'Cancelled');
insert into Subscriptions (sub_id, user_id, plan_id, start_date, end_date, status) values (44, 15, 3, '2026-01-16', '2025-11-12', 'Active');
insert into Subscriptions (sub_id, user_id, plan_id, start_date, end_date, status) values (45, 21, 1, '2026-01-07', '2026-05-08', 'Expired');
insert into Subscriptions (sub_id, user_id, plan_id, start_date, end_date, status) values (46, 66, 2, '2026-03-20', '2026-04-19', 'Cancelled');
insert into Subscriptions (sub_id, user_id, plan_id, start_date, end_date, status) values (47, 22, 2, '2026-03-09', '2025-07-03', 'Expired');
insert into Subscriptions (sub_id, user_id, plan_id, start_date, end_date, status) values (48, 90, 1, '2025-08-22', '2026-06-22', 'Active');
insert into Subscriptions (sub_id, user_id, plan_id, start_date, end_date, status) values (49, 6, 2, '2025-07-21', '2026-03-01', 'Cancelled');
insert into Subscriptions (sub_id, user_id, plan_id, start_date, end_date, status) values (50, 39, 2, '2025-07-01', '2026-03-10', 'Expired');
insert into Subscriptions (sub_id, user_id, plan_id, start_date, end_date, status) values (51, 81, 1, '2026-05-30', '2026-03-22', 'Active');
insert into Subscriptions (sub_id, user_id, plan_id, start_date, end_date, status) values (52, 57, 1, '2025-11-22', '2025-08-29', 'Expired');
insert into Subscriptions (sub_id, user_id, plan_id, start_date, end_date, status) values (53, 97, 1, '2026-04-10', '2026-04-07', 'Active');
insert into Subscriptions (sub_id, user_id, plan_id, start_date, end_date, status) values (54, 32, 3, '2025-08-05', '2025-09-09', 'Active');
insert into Subscriptions (sub_id, user_id, plan_id, start_date, end_date, status) values (55, 33, 1, '2026-03-25', '2025-07-22', 'Expired');
insert into Subscriptions (sub_id, user_id, plan_id, start_date, end_date, status) values (56, 70, 3, '2025-10-09', '2025-12-28', 'Expired');
insert into Subscriptions (sub_id, user_id, plan_id, start_date, end_date, status) values (57, 78, 2, '2026-03-20', '2026-02-20', 'Expired');
insert into Subscriptions (sub_id, user_id, plan_id, start_date, end_date, status) values (58, 44, 1, '2025-10-06', '2026-06-28', 'Cancelled');
insert into Subscriptions (sub_id, user_id, plan_id, start_date, end_date, status) values (59, 96, 3, '2025-11-24', '2025-10-22', 'Cancelled');
insert into Subscriptions (sub_id, user_id, plan_id, start_date, end_date, status) values (60, 11, 2, '2025-09-07', '2026-05-20', 'Active');
insert into Subscriptions (sub_id, user_id, plan_id, start_date, end_date, status) values (61, 28, 3, '2025-08-02', '2026-02-10', 'Active');
insert into Subscriptions (sub_id, user_id, plan_id, start_date, end_date, status) values (62, 53, 2, '2025-09-04', '2026-06-15', 'Active');
insert into Subscriptions (sub_id, user_id, plan_id, start_date, end_date, status) values (63, 54, 3, '2026-01-22', '2025-12-29', 'Expired');
insert into Subscriptions (sub_id, user_id, plan_id, start_date, end_date, status) values (64, 66, 3, '2026-05-18', '2025-11-13', 'Active');
insert into Subscriptions (sub_id, user_id, plan_id, start_date, end_date, status) values (65, 88, 3, '2025-07-11', '2025-08-01', 'Expired');
insert into Subscriptions (sub_id, user_id, plan_id, start_date, end_date, status) values (66, 94, 3, '2025-10-17', '2025-07-24', 'Cancelled');
insert into Subscriptions (sub_id, user_id, plan_id, start_date, end_date, status) values (67, 45, 2, '2026-06-11', '2025-12-02', 'Cancelled');
insert into Subscriptions (sub_id, user_id, plan_id, start_date, end_date, status) values (68, 91, 1, '2025-08-27', '2025-09-02', 'Cancelled');
insert into Subscriptions (sub_id, user_id, plan_id, start_date, end_date, status) values (69, 41, 1, '2026-01-21', '2026-03-24', 'Active');
insert into Subscriptions (sub_id, user_id, plan_id, start_date, end_date, status) values (70, 35, 2, '2026-01-24', '2025-10-24', 'Expired');
insert into Subscriptions (sub_id, user_id, plan_id, start_date, end_date, status) values (71, 27, 2, '2025-12-24', '2026-06-02', 'Expired');
insert into Subscriptions (sub_id, user_id, plan_id, start_date, end_date, status) values (72, 95, 2, '2025-08-31', '2025-09-24', 'Cancelled');
insert into Subscriptions (sub_id, user_id, plan_id, start_date, end_date, status) values (73, 37, 2, '2025-09-29', '2026-06-22', 'Cancelled');
insert into Subscriptions (sub_id, user_id, plan_id, start_date, end_date, status) values (74, 51, 1, '2025-09-18', '2025-10-10', 'Cancelled');
insert into Subscriptions (sub_id, user_id, plan_id, start_date, end_date, status) values (75, 46, 2, '2025-07-28', '2025-09-01', 'Expired');
insert into Subscriptions (sub_id, user_id, plan_id, start_date, end_date, status) values (76, 83, 2, '2025-11-24', '2026-05-24', 'Cancelled');
insert into Subscriptions (sub_id, user_id, plan_id, start_date, end_date, status) values (77, 36, 1, '2025-12-25', '2025-08-29', 'Expired');
insert into Subscriptions (sub_id, user_id, plan_id, start_date, end_date, status) values (78, 4, 3, '2025-11-03', '2025-10-16', 'Cancelled');
insert into Subscriptions (sub_id, user_id, plan_id, start_date, end_date, status) values (79, 31, 3, '2026-05-08', '2025-10-14', 'Cancelled');
insert into Subscriptions (sub_id, user_id, plan_id, start_date, end_date, status) values (80, 88, 3, '2026-03-09', '2026-06-06', 'Cancelled');
insert into Subscriptions (sub_id, user_id, plan_id, start_date, end_date, status) values (81, 61, 2, '2025-09-13', '2026-05-08', 'Cancelled');
insert into Subscriptions (sub_id, user_id, plan_id, start_date, end_date, status) values (82, 30, 3, '2026-04-06', '2025-10-08', 'Expired');
insert into Subscriptions (sub_id, user_id, plan_id, start_date, end_date, status) values (83, 62, 3, '2026-03-05', '2025-10-09', 'Cancelled');
insert into Subscriptions (sub_id, user_id, plan_id, start_date, end_date, status) values (84, 76, 2, '2025-12-21', '2026-02-13', 'Expired');
insert into Subscriptions (sub_id, user_id, plan_id, start_date, end_date, status) values (85, 85, 3, '2026-01-19', '2025-09-01', 'Cancelled');
insert into Subscriptions (sub_id, user_id, plan_id, start_date, end_date, status) values (86, 5, 3, '2025-08-07', '2026-03-22', 'Expired');
insert into Subscriptions (sub_id, user_id, plan_id, start_date, end_date, status) values (87, 58, 3, '2026-05-18', '2025-12-25', 'Cancelled');
insert into Subscriptions (sub_id, user_id, plan_id, start_date, end_date, status) values (88, 44, 2, '2026-05-08', '2026-02-07', 'Active');
insert into Subscriptions (sub_id, user_id, plan_id, start_date, end_date, status) values (89, 60, 2, '2025-09-17', '2025-08-27', 'Cancelled');
insert into Subscriptions (sub_id, user_id, plan_id, start_date, end_date, status) values (90, 68, 3, '2026-05-07', '2025-08-11', 'Active');
insert into Subscriptions (sub_id, user_id, plan_id, start_date, end_date, status) values (91, 77, 2, '2025-08-04', '2025-10-30', 'Expired');
insert into Subscriptions (sub_id, user_id, plan_id, start_date, end_date, status) values (92, 82, 2, '2026-02-16', '2026-01-11', 'Cancelled');
insert into Subscriptions (sub_id, user_id, plan_id, start_date, end_date, status) values (93, 85, 3, '2026-06-10', '2025-08-23', 'Active');
insert into Subscriptions (sub_id, user_id, plan_id, start_date, end_date, status) values (94, 82, 3, '2025-12-03', '2025-07-31', 'Active');
insert into Subscriptions (sub_id, user_id, plan_id, start_date, end_date, status) values (95, 35, 3, '2026-06-06', '2026-05-06', 'Active');
insert into Subscriptions (sub_id, user_id, plan_id, start_date, end_date, status) values (96, 42, 1, '2025-11-02', '2026-02-20', 'Cancelled');
insert into Subscriptions (sub_id, user_id, plan_id, start_date, end_date, status) values (97, 63, 1, '2026-04-15', '2025-07-06', 'Expired');
insert into Subscriptions (sub_id, user_id, plan_id, start_date, end_date, status) values (98, 23, 1, '2025-09-12', '2026-03-11', 'Cancelled');
insert into Subscriptions (sub_id, user_id, plan_id, start_date, end_date, status) values (99, 70, 3, '2025-12-09', '2026-04-17', 'Expired');
insert into Subscriptions (sub_id, user_id, plan_id, start_date, end_date, status) values (100, 20, 1, '2026-04-19', '2025-09-29', 'Expired');


insert into Usage_Logs (log_id, user_id, activity_date, minutes_streamed, device_type) values (1, 64, '1/9/2026', 43, 'Mobile');
insert into Usage_Logs (log_id, user_id, activity_date, minutes_streamed, device_type) values (2, 99, '7/4/2025', 16, 'Mobile');
insert into Usage_Logs (log_id, user_id, activity_date, minutes_streamed, device_type) values (3, 70, '10/27/2025', 24, 'Laptop');
insert into Usage_Logs (log_id, user_id, activity_date, minutes_streamed, device_type) values (4, 32, '10/1/2025', 23, 'Laptop');
insert into Usage_Logs (log_id, user_id, activity_date, minutes_streamed, device_type) values (5, 45, '12/5/2025', 28, 'Mobile');
insert into Usage_Logs (log_id, user_id, activity_date, minutes_streamed, device_type) values (6, 76, '11/28/2025', 78, 'Laptop');
insert into Usage_Logs (log_id, user_id, activity_date, minutes_streamed, device_type) values (7, 73, '10/12/2025', 8, 'Laptop');
insert into Usage_Logs (log_id, user_id, activity_date, minutes_streamed, device_type) values (8, 67, '6/11/2026', 76, 'Mobile');
insert into Usage_Logs (log_id, user_id, activity_date, minutes_streamed, device_type) values (9, 52, '5/22/2026', 25, 'Smart TV');
insert into Usage_Logs (log_id, user_id, activity_date, minutes_streamed, device_type) values (10, 17, '10/19/2025', 44, 'Smart TV');
insert into Usage_Logs (log_id, user_id, activity_date, minutes_streamed, device_type) values (11, 58, '8/19/2025', 30, 'Laptop');
insert into Usage_Logs (log_id, user_id, activity_date, minutes_streamed, device_type) values (12, 8, '5/12/2026', 22, 'Smart TV');
insert into Usage_Logs (log_id, user_id, activity_date, minutes_streamed, device_type) values (13, 40, '10/5/2025', 59, 'Smart TV');
insert into Usage_Logs (log_id, user_id, activity_date, minutes_streamed, device_type) values (14, 58, '10/17/2025', 20, 'Mobile');
insert into Usage_Logs (log_id, user_id, activity_date, minutes_streamed, device_type) values (15, 40, '12/2/2025', 33, 'Smart TV');
insert into Usage_Logs (log_id, user_id, activity_date, minutes_streamed, device_type) values (16, 35, '3/16/2026', 91, 'Laptop');
insert into Usage_Logs (log_id, user_id, activity_date, minutes_streamed, device_type) values (17, 35, '3/20/2026', 6, 'Smart TV');
insert into Usage_Logs (log_id, user_id, activity_date, minutes_streamed, device_type) values (18, 62, '3/3/2026', 76, 'Smart TV');
insert into Usage_Logs (log_id, user_id, activity_date, minutes_streamed, device_type) values (19, 77, '3/31/2026', 53, 'Laptop');
insert into Usage_Logs (log_id, user_id, activity_date, minutes_streamed, device_type) values (20, 44, '8/30/2025', 69, 'Smart TV');
insert into Usage_Logs (log_id, user_id, activity_date, minutes_streamed, device_type) values (21, 4, '5/23/2026', 80, 'Mobile');
insert into Usage_Logs (log_id, user_id, activity_date, minutes_streamed, device_type) values (22, 72, '8/21/2025', 40, 'Laptop');
insert into Usage_Logs (log_id, user_id, activity_date, minutes_streamed, device_type) values (23, 76, '10/26/2025', 20, 'Smart TV');
insert into Usage_Logs (log_id, user_id, activity_date, minutes_streamed, device_type) values (24, 11, '9/3/2025', 49, 'Smart TV');
insert into Usage_Logs (log_id, user_id, activity_date, minutes_streamed, device_type) values (25, 98, '10/5/2025', 92, 'Smart TV');
insert into Usage_Logs (log_id, user_id, activity_date, minutes_streamed, device_type) values (26, 17, '8/9/2025', 75, 'Mobile');
insert into Usage_Logs (log_id, user_id, activity_date, minutes_streamed, device_type) values (27, 83, '8/20/2025', 34, 'Mobile');
insert into Usage_Logs (log_id, user_id, activity_date, minutes_streamed, device_type) values (28, 8, '6/3/2026', 41, 'Mobile');
insert into Usage_Logs (log_id, user_id, activity_date, minutes_streamed, device_type) values (29, 61, '7/6/2025', 24, 'Mobile');
insert into Usage_Logs (log_id, user_id, activity_date, minutes_streamed, device_type) values (30, 17, '12/30/2025', 18, 'Laptop');
insert into Usage_Logs (log_id, user_id, activity_date, minutes_streamed, device_type) values (31, 74, '4/12/2026', 26, 'Smart TV');
insert into Usage_Logs (log_id, user_id, activity_date, minutes_streamed, device_type) values (32, 13, '8/1/2025', 99, 'Mobile');
insert into Usage_Logs (log_id, user_id, activity_date, minutes_streamed, device_type) values (33, 36, '2/28/2026', 34, 'Laptop');
insert into Usage_Logs (log_id, user_id, activity_date, minutes_streamed, device_type) values (34, 57, '10/27/2025', 52, 'Mobile');
insert into Usage_Logs (log_id, user_id, activity_date, minutes_streamed, device_type) values (35, 7, '8/9/2025', 90, 'Smart TV');
insert into Usage_Logs (log_id, user_id, activity_date, minutes_streamed, device_type) values (36, 7, '10/14/2025', 55, 'Web');
insert into Usage_Logs (log_id, user_id, activity_date, minutes_streamed, device_type) values (37, 99, '12/8/2025', 85, 'Laptop');
insert into Usage_Logs (log_id, user_id, activity_date, minutes_streamed, device_type) values (38, 22, '1/30/2026', 18, 'Laptop');
insert into Usage_Logs (log_id, user_id, activity_date, minutes_streamed, device_type) values (39, 45, '11/30/2025', 53, 'Smart TV');
insert into Usage_Logs (log_id, user_id, activity_date, minutes_streamed, device_type) values (40, 15, '4/4/2026', 75, 'Mobile');
insert into Usage_Logs (log_id, user_id, activity_date, minutes_streamed, device_type) values (41, 62, '6/4/2026', 51, 'Mobile');
insert into Usage_Logs (log_id, user_id, activity_date, minutes_streamed, device_type) values (42, 89, '11/14/2025', 97, 'Mobile');
insert into Usage_Logs (log_id, user_id, activity_date, minutes_streamed, device_type) values (43, 16, '10/2/2025', 13, 'Web');
insert into Usage_Logs (log_id, user_id, activity_date, minutes_streamed, device_type) values (44, 34, '1/31/2026', 90, 'Mobile');
insert into Usage_Logs (log_id, user_id, activity_date, minutes_streamed, device_type) values (45, 99, '1/30/2026', 63, 'Mobile');
insert into Usage_Logs (log_id, user_id, activity_date, minutes_streamed, device_type) values (46, 14, '5/27/2026', 79, 'Web');
insert into Usage_Logs (log_id, user_id, activity_date, minutes_streamed, device_type) values (47, 99, '11/29/2025', 91, 'Web');
insert into Usage_Logs (log_id, user_id, activity_date, minutes_streamed, device_type) values (48, 78, '9/21/2025', 66, 'Web');
insert into Usage_Logs (log_id, user_id, activity_date, minutes_streamed, device_type) values (49, 64, '9/12/2025', 99, 'Smart TV');
insert into Usage_Logs (log_id, user_id, activity_date, minutes_streamed, device_type) values (50, 36, '10/4/2025', 98, 'Web');
insert into Usage_Logs (log_id, user_id, activity_date, minutes_streamed, device_type) values (51, 42, '1/12/2026', 22, 'Web');
insert into Usage_Logs (log_id, user_id, activity_date, minutes_streamed, device_type) values (52, 15, '12/29/2025', 31, 'Mobile');
insert into Usage_Logs (log_id, user_id, activity_date, minutes_streamed, device_type) values (53, 36, '9/11/2025', 15, 'Web');
insert into Usage_Logs (log_id, user_id, activity_date, minutes_streamed, device_type) values (54, 48, '8/10/2025', 87, 'Mobile');
insert into Usage_Logs (log_id, user_id, activity_date, minutes_streamed, device_type) values (55, 23, '9/26/2025', 96, 'Web');
insert into Usage_Logs (log_id, user_id, activity_date, minutes_streamed, device_type) values (56, 18, '1/3/2026', 46, 'Mobile');
insert into Usage_Logs (log_id, user_id, activity_date, minutes_streamed, device_type) values (57, 76, '3/10/2026', 92, 'Smart TV');
insert into Usage_Logs (log_id, user_id, activity_date, minutes_streamed, device_type) values (58, 97, '12/6/2025', 50, 'Smart TV');
insert into Usage_Logs (log_id, user_id, activity_date, minutes_streamed, device_type) values (59, 37, '8/19/2025', 3, 'Web');
insert into Usage_Logs (log_id, user_id, activity_date, minutes_streamed, device_type) values (60, 60, '5/19/2026', 17, 'Smart TV');
insert into Usage_Logs (log_id, user_id, activity_date, minutes_streamed, device_type) values (61, 60, '6/3/2026', 63, 'Web');
insert into Usage_Logs (log_id, user_id, activity_date, minutes_streamed, device_type) values (62, 77, '9/27/2025', 35, 'Mobile');
insert into Usage_Logs (log_id, user_id, activity_date, minutes_streamed, device_type) values (63, 6, '3/9/2026', 66, 'Web');
insert into Usage_Logs (log_id, user_id, activity_date, minutes_streamed, device_type) values (64, 1, '12/3/2025', 34, 'Smart TV');
insert into Usage_Logs (log_id, user_id, activity_date, minutes_streamed, device_type) values (65, 45, '7/4/2025', 37, 'Mobile');
insert into Usage_Logs (log_id, user_id, activity_date, minutes_streamed, device_type) values (66, 15, '11/18/2025', 39, 'Mobile');
insert into Usage_Logs (log_id, user_id, activity_date, minutes_streamed, device_type) values (67, 75, '10/30/2025', 19, 'Laptop');
insert into Usage_Logs (log_id, user_id, activity_date, minutes_streamed, device_type) values (68, 53, '4/10/2026', 40, 'Web');
insert into Usage_Logs (log_id, user_id, activity_date, minutes_streamed, device_type) values (69, 6, '3/16/2026', 78, 'Laptop');
insert into Usage_Logs (log_id, user_id, activity_date, minutes_streamed, device_type) values (70, 61, '4/30/2026', 54, 'Web');
insert into Usage_Logs (log_id, user_id, activity_date, minutes_streamed, device_type) values (71, 24, '8/2/2025', 91, 'Web');
insert into Usage_Logs (log_id, user_id, activity_date, minutes_streamed, device_type) values (72, 4, '4/8/2026', 80, 'Web');
insert into Usage_Logs (log_id, user_id, activity_date, minutes_streamed, device_type) values (73, 48, '11/16/2025', 45, 'Laptop');
insert into Usage_Logs (log_id, user_id, activity_date, minutes_streamed, device_type) values (74, 52, '4/20/2026', 50, 'Web');
insert into Usage_Logs (log_id, user_id, activity_date, minutes_streamed, device_type) values (75, 62, '4/26/2026', 48, 'Laptop');
insert into Usage_Logs (log_id, user_id, activity_date, minutes_streamed, device_type) values (76, 53, '5/18/2026', 71, 'Laptop');
insert into Usage_Logs (log_id, user_id, activity_date, minutes_streamed, device_type) values (77, 43, '9/5/2025', 23, 'Smart TV');
insert into Usage_Logs (log_id, user_id, activity_date, minutes_streamed, device_type) values (78, 2, '12/15/2025', 9, 'Smart TV');
insert into Usage_Logs (log_id, user_id, activity_date, minutes_streamed, device_type) values (79, 88, '8/6/2025', 56, 'Smart TV');
insert into Usage_Logs (log_id, user_id, activity_date, minutes_streamed, device_type) values (80, 66, '4/22/2026', 35, 'Mobile');
insert into Usage_Logs (log_id, user_id, activity_date, minutes_streamed, device_type) values (81, 33, '7/20/2025', 79, 'Mobile');
insert into Usage_Logs (log_id, user_id, activity_date, minutes_streamed, device_type) values (82, 92, '4/5/2026', 33, 'Web');
insert into Usage_Logs (log_id, user_id, activity_date, minutes_streamed, device_type) values (83, 79, '9/20/2025', 69, 'Smart TV');
insert into Usage_Logs (log_id, user_id, activity_date, minutes_streamed, device_type) values (84, 19, '12/15/2025', 34, 'Laptop');
insert into Usage_Logs (log_id, user_id, activity_date, minutes_streamed, device_type) values (85, 79, '3/24/2026', 93, 'Laptop');
insert into Usage_Logs (log_id, user_id, activity_date, minutes_streamed, device_type) values (86, 98, '12/12/2025', 44, 'Mobile');
insert into Usage_Logs (log_id, user_id, activity_date, minutes_streamed, device_type) values (87, 68, '10/1/2025', 97, 'Mobile');
insert into Usage_Logs (log_id, user_id, activity_date, minutes_streamed, device_type) values (88, 71, '3/8/2026', 11, 'Web');
insert into Usage_Logs (log_id, user_id, activity_date, minutes_streamed, device_type) values (89, 10, '7/12/2025', 47, 'Mobile');
insert into Usage_Logs (log_id, user_id, activity_date, minutes_streamed, device_type) values (90, 14, '12/2/2025', 28, 'Laptop');
insert into Usage_Logs (log_id, user_id, activity_date, minutes_streamed, device_type) values (91, 10, '7/15/2025', 91, 'Laptop');
insert into Usage_Logs (log_id, user_id, activity_date, minutes_streamed, device_type) values (92, 35, '6/13/2026', 1, 'Smart TV');
insert into Usage_Logs (log_id, user_id, activity_date, minutes_streamed, device_type) values (93, 100, '4/30/2026', 75, 'Laptop');
insert into Usage_Logs (log_id, user_id, activity_date, minutes_streamed, device_type) values (94, 34, '3/28/2026', 3, 'Laptop');
insert into Usage_Logs (log_id, user_id, activity_date, minutes_streamed, device_type) values (95, 10, '9/21/2025', 5, 'Laptop');
insert into Usage_Logs (log_id, user_id, activity_date, minutes_streamed, device_type) values (96, 18, '5/9/2026', 2, 'Web');
insert into Usage_Logs (log_id, user_id, activity_date, minutes_streamed, device_type) values (97, 22, '4/8/2026', 1, 'Laptop');
insert into Usage_Logs (log_id, user_id, activity_date, minutes_streamed, device_type) values (98, 59, '11/29/2025', 23, 'Smart TV');
insert into Usage_Logs (log_id, user_id, activity_date, minutes_streamed, device_type) values (99, 69, '4/12/2026', 33, 'Web');
insert into Usage_Logs (log_id, user_id, activity_date, minutes_streamed, device_type) values (100, 54, '7/4/2025', 5, 'Web');
