-- ====================================================================
-- 1. PLANS DATA (3 Tiers)
-- ====================================================================
INSERT INTO Plans (plan_id, plan_name, monthly_price, max_screens) VALUES (1, 'Basic', 9.99, 1);
INSERT INTO Plans (plan_id, plan_name, monthly_price, max_screens) VALUES (2, 'Standard', 14.99, 2);
INSERT INTO Plans (plan_id, plan_name, monthly_price, max_screens) VALUES (3, 'Premium', 19.99, 4);

-- ====================================================================
-- 2. USERS DATA (100 Rows with Countries Included)
-- ====================================================================
INSERT INTO Users (user_id, name, email, country, signup_date, referral_source) VALUES (1, 'Claudianus Bickersteth', 'cbickersteth0@google.com', 'Canada', '2025-10-29', 'Google');
INSERT INTO Users (user_id, name, email, country, signup_date, referral_source) VALUES (2, 'Audre Farryan', 'afarryan1@purevolume.com', 'United Kingdom', '2026-06-05', 'Google');
INSERT INTO Users (user_id, name, email, country, signup_date, referral_source) VALUES (3, 'Demetria Jeroch', 'djeroch2@hatena.ne.jp', 'Germany', '2025-09-16', 'Google');
INSERT INTO Users (user_id, name, email, country, signup_date, referral_source) VALUES (4, 'Bax Saltman', 'bsaltman3@qq.com', 'Australia', '2025-12-19', 'Social media');
INSERT INTO Users (user_id, name, email, country, signup_date, referral_source) VALUES (5, 'Gisela Spurret', 'gspurret4@behance.net', 'United States', '2026-06-13', 'Referral');
INSERT INTO Users (user_id, name, email, country, signup_date, referral_source) VALUES (6, 'Elisabet Ambrosch', 'eambrosch5@amazon.co.jp', 'Canada', '2025-11-29', 'Social media');
INSERT INTO Users (user_id, name, email, country, signup_date, referral_source) VALUES (7, 'Ricki Scrancher', 'rscrancher6@mlb.com', 'United Kingdom', '2025-11-02', 'Social media');
INSERT INTO Users (user_id, name, email, country, signup_date, referral_source) VALUES (8, 'Beatrix Cosgrove', 'bcosgrove7@cnet.com', 'Germany', '2025-10-07', 'Referral');
INSERT INTO Users (user_id, name, email, country, signup_date, referral_source) VALUES (9, 'Leanora Douris', 'ldouris8@bizjournals.com', 'Australia', '2025-07-07', 'Google');
INSERT INTO Users (user_id, name, email, country, signup_date, referral_source) VALUES (10, 'Elsey Wines', 'ewines9@ucoz.ru', 'United States', '2025-11-19', 'Social media');
INSERT INTO Users (user_id, name, email, country, signup_date, referral_source) VALUES (11, 'Frederique Eustes', 'feustesa@51.la', 'Canada', '2026-03-08', 'Organic');
INSERT INTO Users (user_id, name, email, country, signup_date, referral_source) VALUES (12, 'Gianina Strognell', 'gstrognellb@nymag.com', 'United Kingdom', '2026-04-18', 'Organic');
INSERT INTO Users (user_id, name, email, country, signup_date, referral_source) VALUES (13, 'Alberik Orpyne', 'aorpynec@elpais.com', 'Germany', '2025-07-09', 'Social media');
INSERT INTO Users (user_id, name, email, country, signup_date, referral_source) VALUES (14, 'Noel Mallinder', 'nmallinderd@qq.com', 'Australia', '2026-03-12', 'Organic');
INSERT INTO Users (user_id, name, email, country, signup_date, referral_source) VALUES (15, 'Phylis Cathcart', 'pcathcarte@skype.com', 'United States', '2026-06-22', 'Referral');
INSERT INTO Users (user_id, name, email, country, signup_date, referral_source) VALUES (16, 'Berthe McArt', 'bmcartf@china.com.cn', 'Canada', '2025-09-09', 'Referral');
INSERT INTO Users (user_id, name, email, country, signup_date, referral_source) VALUES (17, 'Yves Bimrose', 'ybimroseg@abc.net.au', 'United Kingdom', '2025-09-08', 'Google');
INSERT INTO Users (user_id, name, email, country, signup_date, referral_source) VALUES (18, 'Junie Devitt', 'jdevitth@mayoclinic.com', 'Germany', '2026-05-25', 'Organic');
INSERT INTO Users (user_id, name, email, country, signup_date, referral_source) VALUES (19, 'Aviva Foli', 'afolii@va.gov', 'Australia', '2025-07-14', 'Google');
INSERT INTO Users (user_id, name, email, country, signup_date, referral_source) VALUES (20, 'Hewitt De Cruze', 'hdej@europa.eu', 'United States', '2025-12-19', 'Organic');
INSERT INTO Users (user_id, name, email, country, signup_date, referral_source) VALUES (21, 'Karon Peasee', 'kpeaseek@zdnet.com', 'Canada', '2026-03-23', 'Referral');
INSERT INTO Users (user_id, name, email, country, signup_date, referral_source) VALUES (22, 'Jere Coppledike', 'jcoppledikel@nih.gov', 'United Kingdom', '2025-12-15', 'Social media');
INSERT INTO Users (user_id, name, email, country, signup_date, referral_source) VALUES (23, 'Rochella Tomashov', 'rtomashovm@ihg.com', 'Germany', '2026-03-20', 'Social media');
INSERT INTO Users (user_id, name, email, country, signup_date, referral_source) VALUES (24, 'Gaultiero Mocker', 'gmockern@51.la', 'Australia', '2025-07-28', 'Referral');
INSERT INTO Users (user_id, name, email, country, signup_date, referral_source) VALUES (25, 'Barbara-anne Hatchman', 'bhatchmano@indiatimes.com', 'United States', '2025-09-11', 'Social media');
INSERT INTO Users (user_id, name, email, country, signup_date, referral_source) VALUES (26, 'Vasily Facer', 'vfacerp@army.mil', 'Canada', '2025-07-21', 'Organic');
INSERT INTO Users (user_id, name, email, country, signup_date, referral_source) VALUES (27, 'Lesya Bendley', 'lbendleyq@ameblo.jp', 'United Kingdom', '2025-09-05', 'Google');
INSERT INTO Users (user_id, name, email, country, signup_date, referral_source) VALUES (28, 'Gabby Kunath', 'gkunathr@ovh.net', 'Germany', '2025-09-18', 'Organic');
INSERT INTO Users (user_id, name, email, country, signup_date, referral_source) VALUES (29, 'Phylis McCumskay', 'pmccumskays@harvard.edu', 'Australia', '2026-03-31', 'Social media');
INSERT INTO Users (user_id, name, email, country, signup_date, referral_source) VALUES (30, 'Rosita Pardue', 'rparduet@aol.com', 'United States', '2025-10-30', 'Organic');
INSERT INTO Users (user_id, name, email, country, signup_date, referral_source) VALUES (31, 'Marleen Yonge', 'myongeu@shinystat.com', 'Canada', '2025-11-29', 'Social media');
INSERT INTO Users (user_id, name, email, country, signup_date, referral_source) VALUES (32, 'Deirdre Cottill', 'dcottillv@rambler.ru', 'United Kingdom', '2026-06-08', 'Social media');
INSERT INTO Users (user_id, name, email, country, signup_date, referral_source) VALUES (33, 'Dahlia Glassborow', 'dglassboroww@icio.us', 'Germany', '2026-06-17', 'Social media');
INSERT INTO Users (user_id, name, email, country, signup_date, referral_source) VALUES (34, 'Vinson O''Fihillie', 'vofihilliex@behance.net', 'Australia', '2026-02-14', 'Social media');
INSERT INTO Users (user_id, name, email, country, signup_date, referral_source) VALUES (35, 'Lorilee Piers', 'lpiersy@yahoo.co.jp', 'United States', '2025-07-18', 'Organic');
INSERT INTO Users (user_id, name, email, country, signup_date, referral_source) VALUES (36, 'Wileen Bolden', 'wboldenz@diigo.com', 'Canada', '2026-01-26', 'Referral');
INSERT INTO Users (user_id, name, email, country, signup_date, referral_source) VALUES (37, 'Alric Gunston', 'agunston10@infoseek.co.jp', 'United Kingdom', '2025-08-04', 'Organic');
INSERT INTO Users (user_id, name, email, country, signup_date, referral_source) VALUES (38, 'Bourke Whymark', 'bwhymark11@discuz.net', 'Germany', '2025-08-29', 'Organic');
INSERT INTO Users (user_id, name, email, country, signup_date, referral_source) VALUES (39, 'Paxon Szreter', 'pszreter12@i2i.jp', 'Australia', '2026-02-01', 'Social media');
INSERT INTO Users (user_id, name, email, country, signup_date, referral_source) VALUES (40, 'Krispin Bloss', 'kbloss13@dyndns.org', 'United States', '2025-12-03', 'Organic');
INSERT INTO Users (user_id, name, email, country, signup_date, referral_source) VALUES (41, 'Yelena Grigorushkin', 'ygrigorushkin14@devhub.com', 'Canada', '2025-12-08', 'Google');
INSERT INTO Users (user_id, name, email, country, signup_date, referral_source) VALUES (42, 'Gabi Bellas', 'gbellas15@de.vu', 'United Kingdom', '2025-07-06', 'Google');
INSERT INTO Users (user_id, name, email, country, signup_date, referral_source) VALUES (43, 'Justinian Choke', 'jchoke16@army.mil', 'Germany', '2025-07-25', 'Social media');
INSERT INTO Users (user_id, name, email, country, signup_date, referral_source) VALUES (44, 'Danie Giberd', 'dgiberd17@weebly.com', 'Australia', '2026-01-09', 'Social media');
INSERT INTO Users (user_id, name, email, country, signup_date, referral_source) VALUES (45, 'Brion Lorenc', 'blorenc18@123-reg.co.uk', 'United States', '2026-03-01', 'Organic');
INSERT INTO Users (user_id, name, email, country, signup_date, referral_source) VALUES (46, 'Nonie Dennert', 'ndennert19@t-online.de', 'Canada', '2026-01-27', 'Organic');
INSERT INTO Users (user_id, name, email, country, signup_date, referral_source) VALUES (47, 'La verne Collihole', 'lverne1a@gmpg.org', 'United Kingdom', '2026-01-14', 'Referral');
INSERT INTO Users (user_id, name, email, country, signup_date, referral_source) VALUES (48, 'Jeromy Agronski', 'jagronski1b@businessweek.com', 'Germany', '2026-03-18', 'Referral');
INSERT INTO Users (user_id, name, email, country, signup_date, referral_source) VALUES (49, 'Edvard Janikowski', 'ejanikowski1c@dion.ne.jp', 'Australia', '2025-09-27', 'Referral');
INSERT INTO Users (user_id, name, email, country, signup_date, referral_source) VALUES (50, 'Cherin Piscotti', 'cpiscotti1d@blogs.com', 'United States', '2026-03-23', 'Google');
INSERT INTO Users (user_id, name, email, country, signup_date, referral_source) VALUES (51, 'Ally Minget', 'aminget1e@buzzfeed.com', 'Canada', '2026-05-11', 'Social media');
INSERT INTO Users (user_id, name, email, country, signup_date, referral_source) VALUES (52, 'Owen Perrinchief', 'operrinchief1f@slideshare.net', 'United Kingdom', '2026-05-03', 'Google');
INSERT INTO Users (user_id, name, email, country, signup_date, referral_source) VALUES (53, 'Montague Chinnock', 'mchinnock1g@php.net', 'Germany', '2026-05-10', 'Google');
INSERT INTO Users (user_id, name, email, country, signup_date, referral_source) VALUES (54, 'Finlay Worcester', 'fworcester1h@jiathis.com', 'Australia', '2025-09-24', 'Social media');
INSERT INTO Users (user_id, name, email, country, signup_date, referral_source) VALUES (55, 'Mellisent Farden', 'mfarden1i@webeden.co.uk', 'United States', '2025-10-20', 'Organic');
INSERT INTO Users (user_id, name, email, country, signup_date, referral_source) VALUES (56, 'Ryon Beedon', 'rbeedon1j@studiopress.com', 'Canada', '2026-03-30', 'Organic');
INSERT INTO Users (user_id, name, email, country, signup_date, referral_source) VALUES (57, 'Beatrice Gutridge', 'bgutridge1k@squidoo.com', 'United Kingdom', '2025-09-16', 'Organic');
INSERT INTO Users (user_id, name, email, country, signup_date, referral_source) VALUES (58, 'Caralie Carrier', 'ccarrier1l@bbb.org', 'Germany', '2026-02-10', 'Google');
INSERT INTO Users (user_id, name, email, country, signup_date, referral_source) VALUES (59, 'Alexia Padkin', 'apadkin1m@indiegogo.com', 'Australia', '2025-08-15', 'Google');
INSERT INTO Users (user_id, name, email, country, signup_date, referral_source) VALUES (60, 'Cari Stable', 'cstable1n@ifeng.com', 'United States', '2025-11-16', 'Social media');
INSERT INTO Users (user_id, name, email, country, signup_date, referral_source) VALUES (61, 'Ingram Jonson', 'ijonson1o@ovh.net', 'Canada', '2026-03-17', 'Social media');
INSERT INTO Users (user_id, name, email, country, signup_date, referral_source) VALUES (62, 'Osbourn Durward', 'odurward1p@issuu.com', 'United Kingdom', '2025-09-30', 'Referral');
INSERT INTO Users (user_id, name, email, country, signup_date, referral_source) VALUES (63, 'Marven Kubiczek', 'mkubiczek1q@omniture.com', 'Germany', '2026-05-10', 'Referral');
INSERT INTO Users (user_id, name, email, country, signup_date, referral_source) VALUES (64, 'Courtnay Fissenden', 'cfissenden1r@dailymail.co.uk', 'Australia', '2025-09-02', 'Social media');
INSERT INTO Users (user_id, name, email, country, signup_date, referral_source) VALUES (65, 'Dana Stapells', 'dstapells1s@tuttocitta.it', 'United States', '2026-01-09', 'Organic');
INSERT INTO Users (user_id, name, email, country, signup_date, referral_source) VALUES (66, 'Nariko Pavlovsky', 'npavlovsky1t@qq.com', 'Canada', '2026-05-26', 'Referral');
INSERT INTO Users (user_id, name, email, country, signup_date, referral_source) VALUES (67, 'Charlton Mayman', 'cmayman1u@twitter.com', 'United Kingdom', '2026-05-22', 'Referral');
INSERT INTO Users (user_id, name, email, country, signup_date, referral_source) VALUES (68, 'Letizia Dowbiggin', 'ldowbiggin1v@imgur.com', 'Germany', '2025-07-11', 'Google');
INSERT INTO Users (user_id, name, email, country, signup_date, referral_source) VALUES (69, 'Jasun Dunbar', 'jdunbar1w@engadget.com', 'Australia', '2026-03-20', 'Google');
INSERT INTO Users (user_id, name, email, country, signup_date, referral_source) VALUES (70, 'Herby Grioli', 'hgrioli1x@multiply.com', 'United States', '2025-12-04', 'Social media');
INSERT INTO Users (user_id, name, email, country, signup_date, referral_source) VALUES (71, 'Meyer Rosingdall', 'mrosingdall1y@deliciousdays.com', 'Canada', '2026-03-09', 'Social media');
INSERT INTO Users (user_id, name, email, country, signup_date, referral_source) VALUES (72, 'Mallory Ashborne', 'mashborne1z@phpbb.com', 'United Kingdom', '2026-04-11', 'Google');
INSERT INTO Users (user_id, name, email, country, signup_date, referral_source) VALUES (73, 'Salomo Orth', 'sorth20@hp.com', 'Germany', '2025-11-29', 'Google');
INSERT INTO Users (user_id, name, email, country, signup_date, referral_source) VALUES (74, 'Tripp Boyse', 'tboyse21@alibaba.com', 'Australia', '2025-07-01', 'Google');
INSERT INTO Users (user_id, name, email, country, signup_date, referral_source) VALUES (75, 'Collette Ahrendsen', 'cahrendsen22@symantec.com', 'United States', '2025-08-05', 'Google');
INSERT INTO Users (user_id, name, email, country, signup_date, referral_source) VALUES (76, 'Ali Hathwood', 'ahathwood23@marketwatch.com', 'Canada', '2025-09-28', 'Referral');
INSERT INTO Users (user_id, name, email, country, signup_date, referral_source) VALUES (77, 'Adolpho Rude', 'arude24@cam.ac.uk', 'United Kingdom', '2025-12-27', 'Referral');
INSERT INTO Users (user_id, name, email, country, signup_date, referral_source) VALUES (78, 'Hadleigh Warren', 'hwarren25@toplist.cz', 'Germany', '2026-03-16', 'Organic');
INSERT INTO Users (user_id, name, email, country, signup_date, referral_source) VALUES (79, 'Tallulah Haugeh', 'thaugeh26@deliciousdays.com', 'Australia', '2026-03-25', 'Social media');
INSERT INTO Users (user_id, name, email, country, signup_date, referral_source) VALUES (80, 'Thom Monini', 'tmonini27@europa.eu', 'United States', '2026-06-05', 'Social media');
INSERT INTO Users (user_id, name, email, country, signup_date, referral_source) VALUES (81, 'Silva Alpin', 'salpin28@privacy.gov.au', 'Canada', '2026-01-07', 'Referral');
INSERT INTO Users (user_id, name, email, country, signup_date, referral_source) VALUES (82, 'Martie Le Friec', 'mle29@mozilla.com', 'United Kingdom', '2026-02-20', 'Organic');
INSERT INTO Users (user_id, name, email, country, signup_date, referral_source) VALUES (83, 'Harv Rickersy', 'hrickersy2a@xing.com', 'Germany', '2025-09-19', 'Referral');
INSERT INTO Users (user_id, name, email, country, signup_date, referral_source) VALUES (84, 'Kean Kingswood', 'kkingswood2b@epa.gov', 'Australia', '2026-02-03', 'Organic');
INSERT INTO Users (user_id, name, email, country, signup_date, referral_source) VALUES (85, 'Tish By', 'tby2c@twitpic.com', 'United States', '2025-07-30', 'Google');
INSERT INTO Users (user_id, name, email, country, signup_date, referral_source) VALUES (86, 'Lorrin Bastick', 'lbastick2d@goodreads.com', 'Canada', '2025-07-21', 'Google');
INSERT INTO Users (user_id, name, email, country, signup_date, referral_source) VALUES (87, 'Cornie Ayscough', 'cayscough2e@yale.edu', 'United Kingdom', '2025-09-26', 'Organic');
INSERT INTO Users (user_id, name, email, country, signup_date, referral_source) VALUES (88, 'Jillayne Checkley', 'jcheckley2f@bandcamp.com', 'Germany', '2026-01-15', 'Google');
INSERT INTO Users (user_id, name, email, country, signup_date, referral_source) VALUES (89, 'Viviyan Cochran', 'vcochran2g@instagram.com', 'Australia', '2025-08-09', 'Referral');
INSERT INTO Users (user_id, name, email, country, signup_date, referral_source) VALUES (90, 'Lian Itzhaki', 'litzhaki2h@odnoklassniki.ru', 'United States', '2025-07-02', 'Referral');
INSERT INTO Users (user_id, name, email, country, signup_date, referral_source) VALUES (91, 'Keir Garmon', 'kgarmon2i@chronoengine.com', 'Canada', '2025-12-27', 'Google');
INSERT INTO Users (user_id, name, email, country, signup_date, referral_source) VALUES (92, 'Bartholemy Poon', 'bpoon2j@technorati.com', 'United Kingdom', '2025-12-20', 'Social media');
INSERT INTO Users (user_id, name, email, country, signup_date, referral_source) VALUES (93, 'Electra Sisey', 'esisey2k@deliciousdays.com', 'Germany', '2026-01-11', 'Google');
INSERT INTO Users (user_id, name, email, country, signup_date, referral_source) VALUES (94, 'Marthena McParland', 'mmcparland2l@sogou.com', 'Australia', '2025-12-07', 'Social media');
INSERT INTO Users (user_id, name, email, country, signup_date, referral_source) VALUES (95, 'Howey Ellingworth', 'hellingworth2m@etsy.com', 'United States', '2026-01-04', 'Google');
INSERT INTO Users (user_id, name, email, country, signup_date, referral_source) VALUES (96, 'Agna Harniman', 'aharniman2n@google.co.jp', 'Canada', '2025-09-25', 'Organic');
INSERT INTO Users (user_id, name, email, country, signup_date, referral_source) VALUES (97, 'Melessa Zimek', 'mzimek2o@netscape.com', 'United Kingdom', '2026-05-21', 'Google');
INSERT INTO Users (user_id, name, email, country, signup_date, referral_source) VALUES (98, 'Yoshi Bompas', 'ybompas2p@parallels.com', 'Germany', '2025-11-14', 'Google');
INSERT INTO Users (user_id, name, email, country, signup_date, referral_source) VALUES (99, 'Bobina L'' Anglois', 'bl2q@uol.com.br', 'Australia', '2025-08-31', 'Referral');
INSERT INTO Users (user_id, name, email, country, signup_date, referral_source) VALUES (100, 'Franklyn Dolder', 'fdolder2r@ft.com', 'United States', '2025-09-13', 'Organic');

-- ====================================================================
-- 3. SUBSCRIPTIONS DATA (100 Rows with Fixed Plan IDs)
-- ====================================================================
INSERT INTO Subscriptions (sub_id, user_id, plan_id, start_date, end_date, status) VALUES (1, 40, 2, '2026-01-02', '2026-03-06', 'Expired');
INSERT INTO Subscriptions (sub_id, user_id, plan_id, start_date, end_date, status) VALUES (2, 30, 1, '2026-04-23', '2026-01-12', 'Cancelled');
INSERT INTO Subscriptions (sub_id, user_id, plan_id, start_date, end_date, status) VALUES (3, 73, 2, '2026-05-05', '2026-03-21', 'Active');
INSERT INTO Subscriptions (sub_id, user_id, plan_id, start_date, end_date, status) VALUES (4, 22, 2, '2026-05-03', '2026-05-02', 'Cancelled');
INSERT INTO Subscriptions (sub_id, user_id, plan_id, start_date, end_date, status) VALUES (5, 82, 3, '2025-12-13', '2025-09-15', 'Active');
INSERT INTO Subscriptions (sub_id, user_id, plan_id, start_date, end_date, status) VALUES (6, 32, 3, '2026-05-29', '2025-12-30', 'Active');
INSERT INTO Subscriptions (sub_id, user_id, plan_id, start_date, end_date, status) VALUES (7, 33, 1, '2025-10-09', '2025-08-10', 'Active');
INSERT INTO Subscriptions (sub_id, user_id, plan_id, start_date, end_date, status) VALUES (8, 80, 3, '2026-01-25', '2025-12-16', 'Active');
INSERT INTO Subscriptions (sub_id, user_id, plan_id, start_date, end_date, status) VALUES (9, 38, 1, '2025-07-23', '2025-08-11', 'Expired');
INSERT INTO Subscriptions (sub_id, user_id, plan_id, start_date, end_date, status) VALUES (10, 75, 2, '2026-03-10', '2026-01-15', 'Active');
INSERT INTO Subscriptions (sub_id, user_id, plan_id, start_date, end_date, status) VALUES (11, 65, 2, '2025-11-03', '2025-08-04', 'Cancelled');
INSERT INTO Subscriptions (sub_id, user_id, plan_id, start_date, end_date, status) VALUES (12, 5, 1, '2026-03-27', '2025-08-29', 'Active');
INSERT INTO Subscriptions (sub_id, user_id, plan_id, start_date, end_date, status) VALUES (13, 96, 1, '2026-06-27', '2026-02-22', 'Cancelled');
INSERT INTO Subscriptions (sub_id, user_id, plan_id, start_date, end_date, status) VALUES (14, 27, 2, '2026-02-23', '2025-12-02', 'Active');
INSERT INTO Subscriptions (sub_id, user_id, plan_id, start_date, end_date, status) VALUES (15, 83, 2, '2026-01-06', '2026-06-11', 'Active');
INSERT INTO Subscriptions (sub_id, user_id, plan_id, start_date, end_date, status) VALUES (16, 95, 1, '2026-04-21', '2026-01-13', 'Active');
INSERT INTO Subscriptions (sub_id, user_id, plan_id, start_date, end_date, status) VALUES (17, 51, 2, '2025-09-15', '2026-03-23', 'Expired');
INSERT INTO Subscriptions (sub_id, user_id, plan_id, start_date, end_date, status) VALUES (18, 38, 1, '2025-09-01', '2026-06-03', 'Expired');
INSERT INTO Subscriptions (sub_id, user_id, plan_id, start_date, end_date, status) VALUES (19, 64, 3, '2026-04-22', '2026-04-06', 'Expired');
INSERT INTO Subscriptions (sub_id, user_id, plan_id, start_date, end_date, status) VALUES (20, 38, 2, '2025-09-13', '2026-06-10', 'Active');
INSERT INTO Subscriptions (sub_id, user_id, plan_id, start_date, end_date, status) VALUES (21, 33, 2, '2025-11-16', '2026-01-11', 'Cancelled');
INSERT INTO Subscriptions (sub_id, user_id, plan_id, start_date, end_date, status) VALUES (22, 55, 2, '2025-09-13', '2025-07-17', 'Cancelled');
INSERT INTO Subscriptions (sub_id, user_id, plan_id, start_date, end_date, status) VALUES (23, 1, 2, '2025-11-30', '2026-01-24', 'Active');
INSERT INTO Subscriptions (sub_id, user_id, plan_id, start_date, end_date, status) VALUES (24, 99, 2, '2026-06-28', '2025-10-30', 'Expired');
INSERT INTO Subscriptions (sub_id, user_id, plan_id, start_date, end_date, status) VALUES (25, 41, 1, '2026-03-05', '2026-03-05', 'Cancelled');
INSERT INTO Subscriptions (sub_id, user_id, plan_id, start_date, end_date, status) VALUES (26, 80, 1, '2026-04-02', '2025-09-22', 'Active');
INSERT INTO Subscriptions (sub_id, user_id, plan_id, start_date, end_date, status) VALUES (27, 26, 2, '2026-05-03', '2025-08-30', 'Expired');
INSERT INTO Subscriptions (sub_id, user_id, plan_id, start_date, end_date, status) VALUES (28, 9, 2, '2025-07-31', '2025-10-22', 'Cancelled');
INSERT INTO Subscriptions (sub_id, user_id, plan_id, start_date, end_date, status) VALUES (29, 82, 1, '2025-07-09', '2025-10-07', 'Expired');
INSERT INTO Subscriptions (sub_id, user_id, plan_id, start_date, end_date, status) VALUES (30, 24, 2, '2025-07-17', '2025-10-09', 'Cancelled');
INSERT INTO Subscriptions (sub_id, user_id, plan_id, start_date, end_date, status) VALUES (31, 74, 3, '2026-01-29', '2026-04-13', 'Active');
INSERT INTO Subscriptions (sub_id, user_id, plan_id, start_date, end_date, status) VALUES (32, 7, 1, '2025-07-09', '2025-08-24', 'Active');
INSERT INTO Subscriptions (sub_id, user_id, plan_id, start_date, end_date, status) VALUES (33, 50, 3, '2025-12-31', '2026-02-11', 'Expired');
INSERT INTO Subscriptions (sub_id, user_id, plan_id, start_date, end_date, status) VALUES (34, 79, 2, '2025-08-11', '2025-08-05', 'Active');
INSERT INTO Subscriptions (sub_id, user_id, plan_id, start_date, end_date, status) VALUES (35, 16, 1, '2025-07-04', '2026-05-01', 'Expired');
INSERT INTO Subscriptions (sub_id, user_id, plan_id, start_date, end_date, status) VALUES (36, 33, 1, '2026-06-24', '2026-01-05', 'Expired');
INSERT INTO Subscriptions (sub_id, user_id, plan_id, start_date, end_date, status) VALUES (37, 3, 3, '2025-08-21', '2026-05-24', 'Cancelled');
INSERT INTO Subscriptions (sub_id, user_id, plan_id, start_date, end_date, status) VALUES (38, 18, 3, '2026-05-12', '2026-06-04', 'Expired');
INSERT INTO Subscriptions (sub_id, user_id, plan_id, start_date, end_date, status) VALUES (39, 15, 3, '2025-12-04', '2026-04-26', 'Active');
INSERT INTO Subscriptions (sub_id, user_id, plan_id, start_date, end_date, status) VALUES (40, 79, 1, '2025-07-23', '2026-04-04', 'Expired');
INSERT INTO Subscriptions (sub_id, user_id, plan_id, start_date, end_date, status) VALUES (41, 69, 1, '2025-09-23', '2025-10-09', 'Cancelled');
INSERT INTO Subscriptions (sub_id, user_id, plan_id, start_date, end_date, status) VALUES (42, 43, 3, '2026-02-06', '2026-03-29', 'Active');
INSERT INTO Subscriptions (sub_id, user_id, plan_id, start_date, end_date, status) VALUES (43, 48, 1, '2026-06-29', '2025-11-13', 'Cancelled');
INSERT INTO Subscriptions (sub_id, user_id, plan_id, start_date, end_date, status) VALUES (44, 15, 2, '2026-01-16', '2025-11-12', 'Active');
INSERT INTO Subscriptions (sub_id, user_id, plan_id, start_date, end_date, status) VALUES (45, 21, 2, '2026-01-07', '2026-05-08', 'Expired');
INSERT INTO Subscriptions (sub_id, user_id, plan_id, start_date, end_date, status) VALUES (46, 66, 3, '2026-03-20', '2026-04-19', 'Cancelled');
INSERT INTO Subscriptions (sub_id, user_id, plan_id, start_date, end_date, status) VALUES (47, 22, 3, '2026-03-09', '2025-07-03', 'Expired');
INSERT INTO Subscriptions (sub_id, user_id, plan_id, start_date, end_date, status) VALUES (48, 90, 2, '2025-08-22', '2026-06-22', 'Active');
INSERT INTO Subscriptions (sub_id, user_id, plan_id, start_date, end_date, status) VALUES (49, 6, 3, '2025-07-21', '2026-03-01', 'Cancelled');
INSERT INTO Subscriptions (sub_id, user_id, plan_id, start_date, end_date, status) VALUES (50, 39, 3, '2025-07-01', '2026-03-10', 'Expired');
INSERT INTO Subscriptions (sub_id, user_id, plan_id, start_date, end_date, status) VALUES (51, 81, 2, '2026-05-30', '2026-03-22', 'Active');
INSERT INTO Subscriptions (sub_id, user_id, plan_id, start_date, end_date, status) VALUES (52, 57, 2, '2025-11-22', '2025-08-29', 'Expired');
INSERT INTO Subscriptions (sub_id, user_id, plan_id, start_date, end_date, status) VALUES (53, 97, 2, '2026-04-10', '2026-04-07', 'Active');
INSERT INTO Subscriptions (sub_id, user_id, plan_id, start_date, end_date, status) VALUES (54, 32, 1, '2025-08-05', '2025-09-09', 'Active');
INSERT INTO Subscriptions (sub_id, user_id, plan_id, start_date, end_date, status) VALUES (55, 33, 2, '2026-03-25', '2025-07-22', 'Expired');
INSERT INTO Subscriptions (sub_id, user_id, plan_id, start_date, end_date, status) VALUES (56, 70, 1, '2025-10-09', '2025-12-28', 'Expired');
INSERT INTO Subscriptions (sub_id, user_id, plan_id, start_date, end_date, status) VALUES (57, 78, 3, '2026-03-20', '2026-02-20', 'Expired');
INSERT INTO Subscriptions (sub_id, user_id, plan_id, start_date, end_date, status) VALUES (58, 44, 2, '2025-10-06', '2026-06-28', 'Cancelled');
INSERT INTO Subscriptions (sub_id, user_id, plan_id, start_date, end_date, status) VALUES (59, 96, 1, '2025-11-24', '2025-10-22', 'Cancelled');
INSERT INTO Subscriptions (sub_id, user_id, plan_id, start_date, end_date, status) VALUES (60, 11, 3, '2025-09-07', '2026-05-20', 'Active');
INSERT INTO Subscriptions (sub_id, user_id, plan_id, start_date, end_date, status) VALUES (61, 28, 1, '2025-08-02', '2026-02-10', 'Active');
INSERT INTO Subscriptions (sub_id, user_id, plan_id, start_date, end_date, status) VALUES (62, 53, 3, '2025-09-04', '2026-06-15', 'Active');
INSERT INTO Subscriptions (sub_id, user_id, plan_id, start_date, end_date, status) VALUES (63, 54, 1, '2026-01-22', '2025-12-29', 'Expired');
INSERT INTO Subscriptions (sub_id, user_id, plan_id, start_date, end_date, status) VALUES (64, 66, 1, '2026-05-18', '2025-11-13', 'Active');
INSERT INTO Subscriptions (sub_id, user_id, plan_id, start_date, end_date, status) VALUES (65, 88, 1, '2025-07-11', '2025-08-01', 'Expired');
INSERT INTO Subscriptions (sub_id, user_id, plan_id, start_date, end_date, status) VALUES (66, 94, 1, '2025-10-17', '2025-07-24', 'Cancelled');
INSERT INTO Subscriptions (sub_id, user_id, plan_id, start_date, end_date, status) VALUES (67, 45, 3, '2026-06-11', '2025-12-02', 'Cancelled');
INSERT INTO Subscriptions (sub_id, user_id, plan_id, start_date, end_date, status) VALUES (68, 91, 2, '2025-08-27', '2025-09-02', 'Cancelled');
INSERT INTO Subscriptions (sub_id, user_id, plan_id, start_date, end_date, status) VALUES (69, 41, 2, '2026-01-21', '2026-03-24', 'Active');
INSERT INTO Subscriptions (sub_id, user_id, plan_id, start_date, end_date, status) VALUES (70, 35, 3, '2026-01-24', '2025-10-24', 'Expired');
INSERT INTO Subscriptions (sub_id, user_id, plan_id, start_date, end_date, status) VALUES (71, 27, 3, '2025-12-24', '2026-06-02', 'Expired');
INSERT INTO Subscriptions (sub_id, user_id, plan_id, start_date, end_date, status) VALUES (72, 95, 3, '2025-08-31', '2025-09-24', 'Cancelled');
INSERT INTO Subscriptions (sub_id, user_id, plan_id, start_date, end_date, status) VALUES (73, 37, 3, '2025-09-29', '2026-06-22', 'Cancelled');
INSERT INTO Subscriptions (sub_id, user_id, plan_id, start_date, end_date, status) VALUES (74, 51, 2, '2025-09-18', '2025-10-10', 'Cancelled');
INSERT INTO Subscriptions (sub_id, user_id, plan_id, start_date, end_date, status) VALUES (75, 46, 3, '2025-07-28', '2025-09-01', 'Expired');
INSERT INTO Subscriptions (sub_id, user_id, plan_id, start_date, end_date, status) VALUES (76, 83, 3, '2025-11-24', '2026-05-24', 'Cancelled');
INSERT INTO Subscriptions (sub_id, user_id, plan_id, start_date, end_date, status) VALUES (77, 36, 3, '2025-12-25', '2025-08-29', 'Expired');
INSERT INTO Subscriptions (sub_id, user_id, plan_id, start_date, end_date, status) VALUES (78, 4, 1, '2025-11-03', '2025-10-16', 'Cancelled');
INSERT INTO Subscriptions (sub_id, user_id, plan_id, start_date, end_date, status) VALUES (79, 31, 1, '2026-05-08', '2025-10-14', 'Cancelled');
INSERT INTO Subscriptions (sub_id, user_id, plan_id, start_date, end_date, status) VALUES (80, 88, 3, '2026-03-09', '2026-06-06', 'Cancelled');
INSERT INTO Subscriptions (sub_id, user_id, plan_id, start_date, end_date, status) VALUES (81, 61, 3, '2025-09-13', '2026-05-08', 'Cancelled');
INSERT INTO Subscriptions (sub_id, user_id, plan_id, start_date, end_date, status) VALUES (82, 30, 2, '2026-04-06', '2025-10-08', 'Expired');
INSERT INTO Subscriptions (sub_id, user_id, plan_id, start_date, end_date, status) VALUES (83, 62, 2, '2026-03-05', '2025-10-09', 'Cancelled');
INSERT INTO Subscriptions (sub_id, user_id, plan_id, start_date, end_date, status) VALUES (84, 76, 3, '2025-12-21', '2026-02-13', 'Expired');
INSERT INTO Subscriptions (sub_id, user_id, plan_id, start_date, end_date, status) VALUES (85, 85, 2, '2026-01-19', '2025-09-01', 'Cancelled');
INSERT INTO Subscriptions (sub_id, user_id, plan_id, start_date, end_date, status) VALUES (86, 5, 2, '2025-08-07', '2026-03-22', 'Expired');
INSERT INTO Subscriptions (sub_id, user_id, plan_id, start_date, end_date, status) VALUES (87, 58, 1, '2026-05-18', '2025-12-25', 'Cancelled');
INSERT INTO Subscriptions (sub_id, user_id, plan_id, start_date, end_date, status) VALUES (88, 44, 3, '2026-05-08', '2026-02-07', 'Active');
INSERT INTO Subscriptions (sub_id, user_id, plan_id, start_date, end_date, status) VALUES (89, 60, 3, '2025-09-17', '2025-08-27', 'Cancelled');
INSERT INTO Subscriptions (sub_id, user_id, plan_id, start_date, end_date, status) VALUES (90, 68, 1, '2026-05-07', '2025-08-11', 'Active');
INSERT INTO Subscriptions (sub_id, user_id, plan_id, start_date, end_date, status) VALUES (91, 77, 3, '2025-08-04', '2025-10-30', 'Expired');
INSERT INTO Subscriptions (sub_id, user_id, plan_id, start_date, end_date, status) VALUES (92, 82, 3, '2026-02-16', '2026-01-11', 'Cancelled');
INSERT INTO Subscriptions (sub_id, user_id, plan_id, start_date, end_date, status) VALUES (93, 85, 1, '2026-06-10', '2025-08-23', 'Active');
INSERT INTO Subscriptions (sub_id, user_id, plan_id, start_date, end_date, status) VALUES (94, 82, 1, '2025-12-03', '2025-07-31', 'Active');
INSERT INTO Subscriptions (sub_id, user_id, plan_id, start_date, end_date, status) VALUES (95, 35, 3, '2026-06-06', '2026-05-06', 'Active');
INSERT INTO Subscriptions (sub_id, user_id, plan_id, start_date, end_date, status) VALUES (96, 42, 3, '2025-11-02', '2026-02-20', 'Cancelled');
INSERT INTO Subscriptions (sub_id, user_id, plan_id, start_date, end_date, status) VALUES (97, 63, 2, '2026-04-15', '2025-07-06', 'Expired');
INSERT INTO Subscriptions (sub_id, user_id, plan_id, start_date, end_date, status) VALUES (98, 23, 2, '2025-09-12', '2026-03-11', 'Cancelled');
INSERT INTO Subscriptions (sub_id, user_id, plan_id, start_date, end_date, status) VALUES (99, 70, 1, '2025-12-09', '2026-04-17', 'Expired');
INSERT INTO Subscriptions (sub_id, user_id, plan_id, start_date, end_date, status) VALUES (100, 20, 2, '2026-04-19', '2025-09-29', 'Expired');

-- ====================================================================
-- 4. USAGE LOGS DATA (100 Rows with Fixed Standard Dates)
-- ====================================================================
INSERT INTO Usage_Logs (log_id, user_id, activity_date, minutes_streamed, device_type) VALUES (1, 64, '2026-01-09', 43, 'Mobile');
INSERT INTO Usage_Logs (log_id, user_id, activity_date, minutes_streamed, device_type) VALUES (2, 99, '2025-07-04', 16, 'Mobile');
INSERT INTO Usage_Logs (log_id, user_id, activity_date, minutes_streamed, device_type) VALUES (3, 70, '2025-10-27', 24, 'Laptop');
INSERT INTO Usage_Logs (log_id, user_id, activity_date, minutes_streamed, device_type) VALUES (4, 32, '2025-10-01', 23, 'Laptop');
INSERT INTO Usage_Logs (log_id, user_id, activity_date, minutes_streamed, device_type) VALUES (5, 45, '2025-12-05', 28, 'Mobile');
INSERT INTO Usage_Logs (log_id, user_id, activity_date, minutes_streamed, device_type) VALUES (6, 76, '2025-11-28', 78, 'Laptop');
INSERT INTO Usage_Logs (log_id, user_id, activity_date, minutes_streamed, device_type) VALUES (7, 73, '2025-10-12', 8, 'Laptop');
INSERT INTO Usage_Logs (log_id, user_id, activity_date, minutes_streamed, device_type) VALUES (8, 67, '2026-06-11', 76, 'Mobile');
INSERT INTO Usage_Logs (log_id, user_id, activity_date, minutes_streamed, device_type) VALUES (9, 52, '2026-05-22', 25, 'Smart TV');
INSERT INTO Usage_Logs (log_id, user_id, activity_date, minutes_streamed, device_type) VALUES (10, 17, '2025-10-19', 44, 'Smart TV');
INSERT INTO Usage_Logs (log_id, user_id, activity_date, minutes_streamed, device_type) VALUES (11, 58, '2025-08-19', 30, 'Laptop');
INSERT INTO Usage_Logs (log_id, user_id, activity_date, minutes_streamed, device_type) VALUES (12, 8, '2026-05-12', 22, 'Smart TV');
INSERT INTO Usage_Logs (log_id, user_id, activity_date, minutes_streamed, device_type) VALUES (13, 40, '2025-10-05', 59, 'Smart TV');
INSERT INTO Usage_Logs (log_id, user_id, activity_date, minutes_streamed, device_type) VALUES (14, 58, '2025-10-17', 20, 'Mobile');
INSERT INTO Usage_Logs (log_id, user_id, activity_date, minutes_streamed, device_type) VALUES (15, 40, '2025-12-02', 33, 'Smart TV');
INSERT INTO Usage_Logs (log_id, user_id, activity_date, minutes_streamed, device_type) VALUES (16, 35, '2026-03-16', 91, 'Laptop');
INSERT INTO Usage_Logs (log_id, user_id, activity_date, minutes_streamed, device_type) VALUES (17, 35, '2026-03-20', 6, 'Smart TV');
INSERT INTO Usage_Logs (log_id, user_id, activity_date, minutes_streamed, device_type) VALUES (18, 62, '2026-03-03', 76, 'Smart TV');
INSERT INTO Usage_Logs (log_id, user_id, activity_date, minutes_streamed, device_type) VALUES (19, 77, '2026-03-31', 53, 'Laptop');
INSERT INTO Usage_Logs (log_id, user_id, activity_date, minutes_streamed, device_type) VALUES (20, 44, '2025-08-30', 69, 'Smart TV');
INSERT INTO Usage_Logs (log_id, user_id, activity_date, minutes_streamed, device_type) VALUES (21, 4, '2026-05-23', 80, 'Mobile');
INSERT INTO Usage_Logs (log_id, user_id, activity_date, minutes_streamed, device_type) VALUES (22, 72, '2025-08-21', 40, 'Laptop');
INSERT INTO Usage_Logs (log_id, user_id, activity_date, minutes_streamed, device_type) VALUES (23, 76, '2025-10-26', 20, 'Smart TV');
INSERT INTO Usage_Logs (log_id, user_id, activity_date, minutes_streamed, device_type) VALUES (24, 11, '2025-09-03', 49, 'Smart TV');
INSERT INTO Usage_Logs (log_id, user_id, activity_date, minutes_streamed, device_type) VALUES (25, 98, '2025-10-05', 92, 'Smart TV');
INSERT INTO Usage_Logs (log_id, user_id, activity_date, minutes_streamed, device_type) VALUES (26, 17, '2025-08-09', 75, 'Mobile');
INSERT INTO Usage_Logs (log_id, user_id, activity_date, minutes_streamed, device_type) VALUES (27, 83, '2025-08-20', 34, 'Mobile');
INSERT INTO Usage_Logs (log_id, user_id, activity_date, minutes_streamed, device_type) VALUES (28, 8, '2026-06-03', 41, 'Mobile');
INSERT INTO Usage_Logs (log_id, user_id, activity_date, minutes_streamed, device_type) VALUES (29, 61, '2025-07-06', 24, 'Mobile');
INSERT INTO Usage_Logs (log_id, user_id, activity_date, minutes_streamed, device_type) VALUES (30, 17, '2025-12-30', 18, 'Laptop');
INSERT INTO Usage_Logs (log_id, user_id, activity_date, minutes_streamed, device_type) VALUES (31, 74, '2026-04-12', 26, 'Smart TV');
INSERT INTO Usage_Logs (log_id, user_id, activity_date, minutes_streamed, device_type) VALUES (32, 13, '2025-08-01', 99, 'Mobile');
INSERT INTO Usage_Logs (log_id, user_id, activity_date, minutes_streamed, device_type) VALUES (33, 36, '2026-02-28', 34, 'Laptop');
INSERT INTO Usage_Logs (log_id, user_id, activity_date, minutes_streamed, device_type) VALUES (34, 57, '2025-10-27', 52, 'Mobile');
INSERT INTO Usage_Logs (log_id, user_id, activity_date, minutes_streamed, device_type) VALUES (35, 7, '2025-08-09', 90, 'Smart TV');
INSERT INTO Usage_Logs (log_id, user_id, activity_date, minutes_streamed, device_type) VALUES (36, 7, '2025-10-14', 55, 'Web');
INSERT INTO Usage_Logs (log_id, user_id, activity_date, minutes_streamed, device_type) VALUES (37, 99, '2025-12-08', 85, 'Laptop');
INSERT INTO Usage_Logs (log_id, user_id, activity_date, minutes_streamed, device_type) VALUES (38, 22, '2026-01-30', 18, 'Laptop');
INSERT INTO Usage_Logs (log_id, user_id, activity_date, minutes_streamed, device_type) VALUES (39, 45, '2025-11-30', 53, 'Smart TV');
INSERT INTO Usage_Logs (log_id, user_id, activity_date, minutes_streamed, device_type) VALUES (40, 15, '2026-04-04', 75, 'Mobile');
INSERT INTO Usage_Logs (log_id, user_id, activity_date, minutes_streamed, device_type) VALUES (41, 62, '2026-06-04', 51, 'Mobile');
INSERT INTO Usage_Logs (log_id, user_id, activity_date, minutes_streamed, device_type) VALUES (42, 89, '2025-11-14', 97, 'Mobile');
INSERT INTO Usage_Logs (log_id, user_id, activity_date, minutes_streamed, device_type) VALUES (43, 16, '2025-10-02', 13, 'Web');
INSERT INTO Usage_Logs (log_id, user_id, activity_date, minutes_streamed, device_type) VALUES (44, 34, '2026-01-31', 90, 'Mobile');
INSERT INTO Usage_Logs (log_id, user_id, activity_date, minutes_streamed, device_type) VALUES (45, 99, '2026-01-30', 63, 'Mobile');
INSERT INTO Usage_Logs (log_id, user_id, activity_date, minutes_streamed, device_type) VALUES (46, 14, '2026-05-27', 79, 'Web');
INSERT INTO Usage_Logs (log_id, user_id, activity_date, minutes_streamed, device_type) VALUES (47, 99, '2025-11-29', 91, 'Web');
INSERT INTO Usage_Logs (log_id, user_id, activity_date, minutes_streamed, device_type) VALUES (48, 78, '2025-09-21', 66, 'Web');
INSERT INTO Usage_Logs (log_id, user_id, activity_date, minutes_streamed, device_type) VALUES (49, 64, '2025-09-12', 99, 'Smart TV');
INSERT INTO Usage_Logs (log_id, user_id, activity_date, minutes_streamed, device_type) VALUES (50, 36, '2025-10-04', 98, 'Web');
INSERT INTO Usage_Logs (log_id, user_id, activity_date, minutes_streamed, device_type) VALUES (51, 42, '2026-01-12', 22, 'Web');
INSERT INTO Usage_Logs (log_id, user_id, activity_date, minutes_streamed, device_type) VALUES (52, 15, '2025-12-29', 31, 'Mobile');
INSERT INTO Usage_Logs (log_id, user_id, activity_date, minutes_streamed, device_type) VALUES (53, 36, '2025-09-11', 15, 'Web');
INSERT INTO Usage_Logs (log_id, user_id, activity_date, minutes_streamed, device_type) VALUES (54, 48, '2025-08-10', 87, 'Mobile');
INSERT INTO Usage_Logs (log_id, user_id, activity_date, minutes_streamed, device_type) VALUES (55, 23, '2025-09-26', 96, 'Web');
INSERT INTO Usage_Logs (log_id, user_id, activity_date, minutes_streamed, device_type) VALUES (56, 18, '2026-01-03', 46, 'Mobile');
INSERT INTO Usage_Logs (log_id, user_id, activity_date, minutes_streamed, device_type) VALUES (57, 76, '2026-03-10', 92, 'Smart TV');
INSERT INTO Usage_Logs (log_id, user_id, activity_date, minutes_streamed, device_type) VALUES (58, 97, '2025-12-06', 50, 'Smart TV');
INSERT INTO Usage_Logs (log_id, user_id, activity_date, minutes_streamed, device_type) VALUES (59, 37, '2025-08-19', 3, 'Web');
INSERT INTO Usage_Logs (log_id, user_id, activity_date, minutes_streamed, device_type) VALUES (60, 60, '2026-05-19', 17, 'Smart TV');
INSERT INTO Usage_Logs (log_id, user_id, activity_date, minutes_streamed, device_type) VALUES (61, 60, '2026-06-03', 63, 'Web');
INSERT INTO Usage_Logs (log_id, user_id, activity_date, minutes_streamed, device_type) VALUES (62, 77, '2025-09-27', 35, 'Mobile');
INSERT INTO Usage_Logs (log_id, user_id, activity_date, minutes_streamed, device_type) VALUES (63, 6, '2026-03-09', 66, 'Web');
INSERT INTO Usage_Logs (log_id, user_id, activity_date, minutes_streamed, device_type) VALUES (64, 1, '2025-12-03', 34, 'Smart TV');
INSERT INTO Usage_Logs (log_id, user_id, activity_date, minutes_streamed, device_type) VALUES (65, 45, '2025-07-04', 37, 'Mobile');
INSERT INTO Usage_Logs (log_id, user_id, activity_date, minutes_streamed, device_type) VALUES (66, 15, '2025-11-18', 39, 'Mobile');
INSERT INTO Usage_Logs (log_id, user_id, activity_date, minutes_streamed, device_type) VALUES (67, 75, '2025-10-30', 19, 'Laptop');
INSERT INTO Usage_Logs (log_id, user_id, activity_date, minutes_streamed, device_type) VALUES (68, 53, '2026-04-10', 40, 'Web');
INSERT INTO Usage_Logs (log_id, user_id, activity_date, minutes_streamed, device_type) VALUES (69, 6, '2026-03-16', 78, 'Laptop');
INSERT INTO Usage_Logs (log_id, user_id, activity_date, minutes_streamed, device_type) VALUES (70, 61, '2026-04-30', 54, 'Web');
INSERT INTO Usage_Logs (log_id, user_id, activity_date, minutes_streamed, device_type) VALUES (71, 24, '2025-08-02', 91, 'Web');
INSERT INTO Usage_Logs (log_id, user_id, activity_date, minutes_streamed, device_type) VALUES (72, 4, '2026-04-08', 80, 'Web');
INSERT INTO Usage_Logs (log_id, user_id, activity_date, minutes_streamed, device_type) VALUES (73, 48, '2025-11-16', 45, 'Laptop');
INSERT INTO Usage_Logs (log_id, user_id, activity_date, minutes_streamed, device_type) VALUES (74, 52, '2026-04-20', 50, 'Web');
INSERT INTO Usage_Logs (log_id, user_id, activity_date, minutes_streamed, device_type) VALUES (75, 62, '2026-04-26', 48, 'Laptop');
INSERT INTO Usage_Logs (log_id, user_id, activity_date, minutes_streamed, device_type) VALUES (76, 53, '2026-05-18', 71, 'Laptop');
INSERT INTO Usage_Logs (log_id, user_id, activity_date, minutes_streamed, device_type) VALUES (77, 43, '2025-09-05', 23, 'Smart TV');
INSERT INTO Usage_Logs (log_id, user_id, activity_date, minutes_streamed, device_type) VALUES (78, 2, '2025-12-15', 9, 'Smart TV');
INSERT INTO Usage_Logs (log_id, user_id, activity_date, minutes_streamed, device_type) VALUES (79, 88, '2025-08-06', 56, 'Smart TV');
INSERT INTO Usage_Logs (log_id, user_id, activity_date, minutes_streamed, device_type) VALUES (80, 66, '2026-04-22', 35, 'Mobile');
INSERT INTO Usage_Logs (log_id, user_id, activity_date, minutes_streamed, device_type) VALUES (81, 33, '2025-07-20', 79, 'Mobile');
INSERT INTO Usage_Logs (log_id, user_id, activity_date, minutes_streamed, device_type) VALUES (82, 92, '2026-04-05', 33, 'Web');
INSERT INTO Usage_Logs (log_id, user_id, activity_date, minutes_streamed, device_type) VALUES (83, 79, '2025-09-20', 69, 'Smart TV');
INSERT INTO Usage_Logs (log_id, user_id, activity_date, minutes_streamed, device_type) VALUES (84, 19, '2025-12-15', 34, 'Laptop');
INSERT INTO Usage_Logs (log_id, user_id, activity_date, minutes_streamed, device_type) VALUES (85, 79, '2026-03-24', 93, 'Laptop');
INSERT INTO Usage_Logs (log_id, user_id, activity_date, minutes_streamed, device_type) VALUES (86, 98, '2025-12-12', 44, 'Mobile');
INSERT INTO Usage_Logs (log_id, user_id, activity_date, minutes_streamed, device_type) VALUES (87, 68, '2025-10-01', 97, 'Mobile');
INSERT INTO Usage_Logs (log_id, user_id, activity_date, minutes_streamed, device_type) VALUES (88, 71, '2026-03-08', 11, 'Web');
INSERT INTO Usage_Logs (log_id, user_id, activity_date, minutes_streamed, device_type) VALUES (89, 10, '2025-07-12', 47, 'Mobile');
INSERT INTO Usage_Logs (log_id, user_id, activity_date, minutes_streamed, device_type) VALUES (90, 14, '2025-12-02', 28, 'Laptop');
INSERT INTO Usage_Logs (log_id, user_id, activity_date, minutes_streamed, device_type) VALUES (91, 10, '2025-07-15', 91, 'Laptop');
INSERT INTO Usage_Logs (log_id, user_id, activity_date, minutes_streamed, device_type) VALUES (92, 35, '2026-06-13', 1, 'Smart TV');
INSERT INTO Usage_Logs (log_id, user_id, activity_date, minutes_streamed, device_type) VALUES (93, 100, '2026-04-30', 75, 'Laptop');
INSERT INTO Usage_Logs (log_id, user_id, activity_date, minutes_streamed, device_type) VALUES (94, 34, '2026-03-28', 3, 'Laptop');
INSERT INTO Usage_Logs (log_id, user_id, activity_date, minutes_streamed, device_type) VALUES (95, 10, '2025-09-21', 5, 'Laptop');
INSERT INTO Usage_Logs (log_id, user_id, activity_date, minutes_streamed, device_type) VALUES (96, 18, '2026-05-09', 2, 'Web');
INSERT INTO Usage_Logs (log_id, user_id, activity_date, minutes_streamed, device_type) VALUES (97, 22, '2026-04-08', 1, 'Laptop');
INSERT INTO Usage_Logs (log_id, user_id, activity_date, minutes_streamed, device_type) VALUES (98, 59, '2025-11-29', 23, 'Smart TV');
INSERT INTO Usage_Logs (log_id, user_id, activity_date, minutes_streamed, device_type) VALUES (99, 69, '2026-04-12', 33, 'Web');
INSERT INTO Usage_Logs (log_id, user_id, activity_date, minutes_streamed, device_type) VALUES (100, 54, '2025-07-04', 5, 'Web');
